-- MySQL dump 10.13  Distrib 8.0.34, for Win64 (x86_64)
--
-- Host: localhost    Database: franquicia_almendra
-- ------------------------------------------------------
-- Server version	5.7.44-log

CREATE DATABASE IF NOT EXISTS franquicia_almendra;
USE franquicia_almendra;

/*!40101 SET @OLD_CHARACTER_SET_CLIENT=@@CHARACTER_SET_CLIENT */;
/*!40101 SET @OLD_CHARACTER_SET_RESULTS=@@CHARACTER_SET_RESULTS */;
/*!40101 SET @OLD_COLLATION_CONNECTION=@@COLLATION_CONNECTION */;
/*!50503 SET NAMES utf8 */;
/*!40103 SET @OLD_TIME_ZONE=@@TIME_ZONE */;
/*!40103 SET TIME_ZONE='+00:00' */;
/*!40014 SET @OLD_UNIQUE_CHECKS=@@UNIQUE_CHECKS, UNIQUE_CHECKS=0 */;
/*!40014 SET @OLD_FOREIGN_KEY_CHECKS=@@FOREIGN_KEY_CHECKS, FOREIGN_KEY_CHECKS=0 */;
/*!40101 SET @OLD_SQL_MODE=@@SQL_MODE, SQL_MODE='NO_AUTO_VALUE_ON_ZERO' */;
/*!40111 SET @OLD_SQL_NOTES=@@SQL_NOTES, SQL_NOTES=0 */;

--
-- Table structure for table `categoria`
--

DROP TABLE IF EXISTS `categoria`;
/*!40101 SET @saved_cs_client     = @@character_set_client */;
/*!50503 SET character_set_client = utf8mb4 */;
CREATE TABLE `categoria` (
  `id_categoria` int(11) NOT NULL AUTO_INCREMENT,
  `categoria` varchar(100) NOT NULL,
  `descripcion` varchar(1000) DEFAULT NULL,
  PRIMARY KEY (`id_categoria`)
) ENGINE=InnoDB AUTO_INCREMENT=7 DEFAULT CHARSET=latin1;
/*!40101 SET character_set_client = @saved_cs_client */;

--
-- Dumping data for table `categoria`
--

LOCK TABLES `categoria` WRITE;
/*!40000 ALTER TABLE `categoria` DISABLE KEYS */;
INSERT INTO `categoria` VALUES (1,'Principal','Platos elaborados que constituyen la comida principal del día, como carnes, pastas, ensaladas o sándwiches completos'),(2,'Bebida','Gaseosas, jugos, aguas saborizadas, limonadas y otras opciones frías para acompañar las comidas.'),(3,'Café','Variedades de café, tés e infusiones calientes o frías, incluyendo opciones especiales y descafeinadas.'),(4,'Merienda','Productos ideales para acompañar un café o té, como medialunas, alfajores, budines, cookies y masas dulces.'),(5,'Postre','Tortas, brownies y preparaciones dulces servidas al final de la comida o como opción de indulgencia.'),(6,'Guarnición','Acompañamientos de los platos principales, como purés, verduras salteadas, arroz o ensaladas pequeñas.');
/*!40000 ALTER TABLE `categoria` ENABLE KEYS */;
UNLOCK TABLES;

--
-- Table structure for table `costo`
--

DROP TABLE IF EXISTS `costo`;
/*!40101 SET @saved_cs_client     = @@character_set_client */;
/*!50503 SET character_set_client = utf8mb4 */;
CREATE TABLE `costo` (
  `id_producto` int(11) NOT NULL,
  `costo_reposicion` decimal(10,2) NOT NULL,
  PRIMARY KEY (`id_producto`),
  CONSTRAINT `fk_costo_producto` FOREIGN KEY (`id_producto`) REFERENCES `producto` (`id_producto`)
) ENGINE=InnoDB DEFAULT CHARSET=latin1;
/*!40101 SET character_set_client = @saved_cs_client */;

--
-- Dumping data for table `costo`
--

LOCK TABLES `costo` WRITE;
/*!40000 ALTER TABLE `costo` DISABLE KEYS */;
INSERT INTO `costo` VALUES (1,8060.81),(2,6871.56),(3,7818.08),(4,6423.01),(5,8449.76),(6,9275.07),(7,9886.73),(8,10968.46),(9,10686.99),(10,7722.61),(11,7036.91),(12,8403.45),(13,7408.52),(14,7747.77),(15,8874.25),(16,9060.83),(17,8415.36),(18,8834.20),(19,7569.96),(20,7107.71),(21,8845.21),(22,4518.81),(23,7213.52),(24,9826.63),(25,9343.49),(26,7862.39),(27,7780.99),(28,6858.95),(29,8292.76),(30,7965.44),(31,10243.86),(32,5730.38),(33,9516.85),(34,5888.99),(35,10023.25),(36,4997.42),(37,10233.26),(38,8357.22),(39,8421.14),(40,9810.55),(41,9712.81),(42,7150.43),(43,6838.55),(44,6521.46),(45,12532.93),(46,7378.04),(47,7352.02),(48,5556.02),(49,7590.57),(50,10311.40),(51,11007.41),(52,2079.61),(53,851.78),(54,2101.97),(55,1651.63),(56,2138.60),(57,1809.44),(58,2472.18),(59,1937.35),(60,1758.92),(61,2208.80),(62,1525.86),(63,1968.84),(64,1911.35),(65,2134.00),(66,2746.39),(67,1098.75),(68,1589.98),(69,897.61),(70,3627.29),(71,2213.15),(72,3324.90),(73,2931.55),(74,2001.69),(75,2356.09),(76,2619.20),(77,2182.71),(78,2158.73),(79,1691.57),(80,2699.57),(81,2259.34),(82,2162.78),(83,2974.21),(84,2016.43),(85,2175.94),(86,1745.35),(87,1977.50),(88,1721.10),(89,1032.00),(90,4494.24),(91,2311.03),(92,1685.63),(93,1804.79),(94,1513.59),(95,1238.30),(96,1869.09),(97,2618.20),(98,1411.88),(99,3095.18),(100,1037.23),(101,1600.15),(102,460.27),(103,670.92),(104,2481.63),(105,1684.26),(106,3712.96),(107,566.78),(108,2274.51),(109,3060.22),(110,1431.61),(111,951.63),(112,2819.63),(113,2536.04),(114,3021.37),(115,3034.98),(116,4943.87),(117,4994.33),(118,5199.45),(119,4190.67),(120,4097.82),(121,5090.96),(122,26181.28),(123,1661.69),(124,1903.97),(125,1694.96),(126,3113.52),(127,1608.40),(128,3694.46),(129,1156.41),(130,1063.43),(131,2642.41),(132,2806.55);
/*!40000 ALTER TABLE `costo` ENABLE KEYS */;
UNLOCK TABLES;

--
-- Table structure for table `franja_horaria`
--

DROP TABLE IF EXISTS `franja_horaria`;
/*!40101 SET @saved_cs_client     = @@character_set_client */;
/*!50503 SET character_set_client = utf8mb4 */;
CREATE TABLE `franja_horaria` (
  `id_franja` int(11) NOT NULL AUTO_INCREMENT,
  `hora` time NOT NULL,
  `franja_horaria` varchar(50) NOT NULL,
  PRIMARY KEY (`id_franja`)
) ENGINE=InnoDB AUTO_INCREMENT=961 DEFAULT CHARSET=latin1;
/*!40101 SET character_set_client = @saved_cs_client */;

--
-- Dumping data for table `franja_horaria`
--

LOCK TABLES `franja_horaria` WRITE;
/*!40000 ALTER TABLE `franja_horaria` DISABLE KEYS */;
INSERT INTO `franja_horaria` VALUES (1,'08:00:00','8-9'),(2,'08:01:00','8-9'),(3,'08:02:00','8-9'),(4,'08:03:00','8-9'),(5,'08:04:00','8-9'),(6,'08:05:00','8-9'),(7,'08:06:00','8-9'),(8,'08:07:00','8-9'),(9,'08:08:00','8-9'),(10,'08:09:00','8-9'),(11,'08:10:00','8-9'),(12,'08:11:00','8-9'),(13,'08:12:00','8-9'),(14,'08:13:00','8-9'),(15,'08:14:00','8-9'),(16,'08:15:00','8-9'),(17,'08:16:00','8-9'),(18,'08:17:00','8-9'),(19,'08:18:00','8-9'),(20,'08:19:00','8-9'),(21,'08:20:00','8-9'),(22,'08:21:00','8-9'),(23,'08:22:00','8-9'),(24,'08:23:00','8-9'),(25,'08:24:00','8-9'),(26,'08:25:00','8-9'),(27,'08:26:00','8-9'),(28,'08:27:00','8-9'),(29,'08:28:00','8-9'),(30,'08:29:00','8-9'),(31,'08:30:00','8-9'),(32,'08:31:00','8-9'),(33,'08:32:00','8-9'),(34,'08:33:00','8-9'),(35,'08:34:00','8-9'),(36,'08:35:00','8-9'),(37,'08:36:00','8-9'),(38,'08:37:00','8-9'),(39,'08:38:00','8-9'),(40,'08:39:00','8-9'),(41,'08:40:00','8-9'),(42,'08:41:00','8-9'),(43,'08:42:00','8-9'),(44,'08:43:00','8-9'),(45,'08:44:00','8-9'),(46,'08:45:00','8-9'),(47,'08:46:00','8-9'),(48,'08:47:00','8-9'),(49,'08:48:00','8-9'),(50,'08:49:00','8-9'),(51,'08:50:00','8-9'),(52,'08:51:00','8-9'),(53,'08:52:00','8-9'),(54,'08:53:00','8-9'),(55,'08:54:00','8-9'),(56,'08:55:00','8-9'),(57,'08:56:00','8-9'),(58,'08:57:00','8-9'),(59,'08:58:00','8-9'),(60,'08:59:00','8-9'),(61,'09:00:00','9-10'),(62,'09:01:00','9-10'),(63,'09:02:00','9-10'),(64,'09:03:00','9-10'),(65,'09:04:00','9-10'),(66,'09:05:00','9-10'),(67,'09:06:00','9-10'),(68,'09:07:00','9-10'),(69,'09:08:00','9-10'),(70,'09:09:00','9-10'),(71,'09:10:00','9-10'),(72,'09:11:00','9-10'),(73,'09:12:00','9-10'),(74,'09:13:00','9-10'),(75,'09:14:00','9-10'),(76,'09:15:00','9-10'),(77,'09:16:00','9-10'),(78,'09:17:00','9-10'),(79,'09:18:00','9-10'),(80,'09:19:00','9-10'),(81,'09:20:00','9-10'),(82,'09:21:00','9-10'),(83,'09:22:00','9-10'),(84,'09:23:00','9-10'),(85,'09:24:00','9-10'),(86,'09:25:00','9-10'),(87,'09:26:00','9-10'),(88,'09:27:00','9-10'),(89,'09:28:00','9-10'),(90,'09:29:00','9-10'),(91,'09:30:00','9-10'),(92,'09:31:00','9-10'),(93,'09:32:00','9-10'),(94,'09:33:00','9-10'),(95,'09:34:00','9-10'),(96,'09:35:00','9-10'),(97,'09:36:00','9-10'),(98,'09:37:00','9-10'),(99,'09:38:00','9-10'),(100,'09:39:00','9-10'),(101,'09:40:00','9-10'),(102,'09:41:00','9-10'),(103,'09:42:00','9-10'),(104,'09:43:00','9-10'),(105,'09:44:00','9-10'),(106,'09:45:00','9-10'),(107,'09:46:00','9-10'),(108,'09:47:00','9-10'),(109,'09:48:00','9-10'),(110,'09:49:00','9-10'),(111,'09:50:00','9-10'),(112,'09:51:00','9-10'),(113,'09:52:00','9-10'),(114,'09:53:00','9-10'),(115,'09:54:00','9-10'),(116,'09:55:00','9-10'),(117,'09:56:00','9-10'),(118,'09:57:00','9-10'),(119,'09:58:00','9-10'),(120,'09:59:00','9-10'),(121,'10:00:00','10-11'),(122,'10:01:00','10-11'),(123,'10:02:00','10-11'),(124,'10:03:00','10-11'),(125,'10:04:00','10-11'),(126,'10:05:00','10-11'),(127,'10:06:00','10-11'),(128,'10:07:00','10-11'),(129,'10:08:00','10-11'),(130,'10:09:00','10-11'),(131,'10:10:00','10-11'),(132,'10:11:00','10-11'),(133,'10:12:00','10-11'),(134,'10:13:00','10-11'),(135,'10:14:00','10-11'),(136,'10:15:00','10-11'),(137,'10:16:00','10-11'),(138,'10:17:00','10-11'),(139,'10:18:00','10-11'),(140,'10:19:00','10-11'),(141,'10:20:00','10-11'),(142,'10:21:00','10-11'),(143,'10:22:00','10-11'),(144,'10:23:00','10-11'),(145,'10:24:00','10-11'),(146,'10:25:00','10-11'),(147,'10:26:00','10-11'),(148,'10:27:00','10-11'),(149,'10:28:00','10-11'),(150,'10:29:00','10-11'),(151,'10:30:00','10-11'),(152,'10:31:00','10-11'),(153,'10:32:00','10-11'),(154,'10:33:00','10-11'),(155,'10:34:00','10-11'),(156,'10:35:00','10-11'),(157,'10:36:00','10-11'),(158,'10:37:00','10-11'),(159,'10:38:00','10-11'),(160,'10:39:00','10-11'),(161,'10:40:00','10-11'),(162,'10:41:00','10-11'),(163,'10:42:00','10-11'),(164,'10:43:00','10-11'),(165,'10:44:00','10-11'),(166,'10:45:00','10-11'),(167,'10:46:00','10-11'),(168,'10:47:00','10-11'),(169,'10:48:00','10-11'),(170,'10:49:00','10-11'),(171,'10:50:00','10-11'),(172,'10:51:00','10-11'),(173,'10:52:00','10-11'),(174,'10:53:00','10-11'),(175,'10:54:00','10-11'),(176,'10:55:00','10-11'),(177,'10:56:00','10-11'),(178,'10:57:00','10-11'),(179,'10:58:00','10-11'),(180,'10:59:00','10-11'),(181,'11:00:00','11-12'),(182,'11:01:00','11-12'),(183,'11:02:00','11-12'),(184,'11:03:00','11-12'),(185,'11:04:00','11-12'),(186,'11:05:00','11-12'),(187,'11:06:00','11-12'),(188,'11:07:00','11-12'),(189,'11:08:00','11-12'),(190,'11:09:00','11-12'),(191,'11:10:00','11-12'),(192,'11:11:00','11-12'),(193,'11:12:00','11-12'),(194,'11:13:00','11-12'),(195,'11:14:00','11-12'),(196,'11:15:00','11-12'),(197,'11:16:00','11-12'),(198,'11:17:00','11-12'),(199,'11:18:00','11-12'),(200,'11:19:00','11-12'),(201,'11:20:00','11-12'),(202,'11:21:00','11-12'),(203,'11:22:00','11-12'),(204,'11:23:00','11-12'),(205,'11:24:00','11-12'),(206,'11:25:00','11-12'),(207,'11:26:00','11-12'),(208,'11:27:00','11-12'),(209,'11:28:00','11-12'),(210,'11:29:00','11-12'),(211,'11:30:00','11-12'),(212,'11:31:00','11-12'),(213,'11:32:00','11-12'),(214,'11:33:00','11-12'),(215,'11:34:00','11-12'),(216,'11:35:00','11-12'),(217,'11:36:00','11-12'),(218,'11:37:00','11-12'),(219,'11:38:00','11-12'),(220,'11:39:00','11-12'),(221,'11:40:00','11-12'),(222,'11:41:00','11-12'),(223,'11:42:00','11-12'),(224,'11:43:00','11-12'),(225,'11:44:00','11-12'),(226,'11:45:00','11-12'),(227,'11:46:00','11-12'),(228,'11:47:00','11-12'),(229,'11:48:00','11-12'),(230,'11:49:00','11-12'),(231,'11:50:00','11-12'),(232,'11:51:00','11-12'),(233,'11:52:00','11-12'),(234,'11:53:00','11-12'),(235,'11:54:00','11-12'),(236,'11:55:00','11-12'),(237,'11:56:00','11-12'),(238,'11:57:00','11-12'),(239,'11:58:00','11-12'),(240,'11:59:00','11-12'),(241,'12:00:00','12-13'),(242,'12:01:00','12-13'),(243,'12:02:00','12-13'),(244,'12:03:00','12-13'),(245,'12:04:00','12-13'),(246,'12:05:00','12-13'),(247,'12:06:00','12-13'),(248,'12:07:00','12-13'),(249,'12:08:00','12-13'),(250,'12:09:00','12-13'),(251,'12:10:00','12-13'),(252,'12:11:00','12-13'),(253,'12:12:00','12-13'),(254,'12:13:00','12-13'),(255,'12:14:00','12-13'),(256,'12:15:00','12-13'),(257,'12:16:00','12-13'),(258,'12:17:00','12-13'),(259,'12:18:00','12-13'),(260,'12:19:00','12-13'),(261,'12:20:00','12-13'),(262,'12:21:00','12-13'),(263,'12:22:00','12-13'),(264,'12:23:00','12-13'),(265,'12:24:00','12-13'),(266,'12:25:00','12-13'),(267,'12:26:00','12-13'),(268,'12:27:00','12-13'),(269,'12:28:00','12-13'),(270,'12:29:00','12-13'),(271,'12:30:00','12-13'),(272,'12:31:00','12-13'),(273,'12:32:00','12-13'),(274,'12:33:00','12-13'),(275,'12:34:00','12-13'),(276,'12:35:00','12-13'),(277,'12:36:00','12-13'),(278,'12:37:00','12-13'),(279,'12:38:00','12-13'),(280,'12:39:00','12-13'),(281,'12:40:00','12-13'),(282,'12:41:00','12-13'),(283,'12:42:00','12-13'),(284,'12:43:00','12-13'),(285,'12:44:00','12-13'),(286,'12:45:00','12-13'),(287,'12:46:00','12-13'),(288,'12:47:00','12-13'),(289,'12:48:00','12-13'),(290,'12:49:00','12-13'),(291,'12:50:00','12-13'),(292,'12:51:00','12-13'),(293,'12:52:00','12-13'),(294,'12:53:00','12-13'),(295,'12:54:00','12-13'),(296,'12:55:00','12-13'),(297,'12:56:00','12-13'),(298,'12:57:00','12-13'),(299,'12:58:00','12-13'),(300,'12:59:00','12-13'),(301,'13:00:00','13-14'),(302,'13:01:00','13-14'),(303,'13:02:00','13-14'),(304,'13:03:00','13-14'),(305,'13:04:00','13-14'),(306,'13:05:00','13-14'),(307,'13:06:00','13-14'),(308,'13:07:00','13-14'),(309,'13:08:00','13-14'),(310,'13:09:00','13-14'),(311,'13:10:00','13-14'),(312,'13:11:00','13-14'),(313,'13:12:00','13-14'),(314,'13:13:00','13-14'),(315,'13:14:00','13-14'),(316,'13:15:00','13-14'),(317,'13:16:00','13-14'),(318,'13:17:00','13-14'),(319,'13:18:00','13-14'),(320,'13:19:00','13-14'),(321,'13:20:00','13-14'),(322,'13:21:00','13-14'),(323,'13:22:00','13-14'),(324,'13:23:00','13-14'),(325,'13:24:00','13-14'),(326,'13:25:00','13-14'),(327,'13:26:00','13-14'),(328,'13:27:00','13-14'),(329,'13:28:00','13-14'),(330,'13:29:00','13-14'),(331,'13:30:00','13-14'),(332,'13:31:00','13-14'),(333,'13:32:00','13-14'),(334,'13:33:00','13-14'),(335,'13:34:00','13-14'),(336,'13:35:00','13-14'),(337,'13:36:00','13-14'),(338,'13:37:00','13-14'),(339,'13:38:00','13-14'),(340,'13:39:00','13-14'),(341,'13:40:00','13-14'),(342,'13:41:00','13-14'),(343,'13:42:00','13-14'),(344,'13:43:00','13-14'),(345,'13:44:00','13-14'),(346,'13:45:00','13-14'),(347,'13:46:00','13-14'),(348,'13:47:00','13-14'),(349,'13:48:00','13-14'),(350,'13:49:00','13-14'),(351,'13:50:00','13-14'),(352,'13:51:00','13-14'),(353,'13:52:00','13-14'),(354,'13:53:00','13-14'),(355,'13:54:00','13-14'),(356,'13:55:00','13-14'),(357,'13:56:00','13-14'),(358,'13:57:00','13-14'),(359,'13:58:00','13-14'),(360,'13:59:00','13-14'),(361,'14:00:00','14-15'),(362,'14:01:00','14-15'),(363,'14:02:00','14-15'),(364,'14:03:00','14-15'),(365,'14:04:00','14-15'),(366,'14:05:00','14-15'),(367,'14:06:00','14-15'),(368,'14:07:00','14-15'),(369,'14:08:00','14-15'),(370,'14:09:00','14-15'),(371,'14:10:00','14-15'),(372,'14:11:00','14-15'),(373,'14:12:00','14-15'),(374,'14:13:00','14-15'),(375,'14:14:00','14-15'),(376,'14:15:00','14-15'),(377,'14:16:00','14-15'),(378,'14:17:00','14-15'),(379,'14:18:00','14-15'),(380,'14:19:00','14-15'),(381,'14:20:00','14-15'),(382,'14:21:00','14-15'),(383,'14:22:00','14-15'),(384,'14:23:00','14-15'),(385,'14:24:00','14-15'),(386,'14:25:00','14-15'),(387,'14:26:00','14-15'),(388,'14:27:00','14-15'),(389,'14:28:00','14-15'),(390,'14:29:00','14-15'),(391,'14:30:00','14-15'),(392,'14:31:00','14-15'),(393,'14:32:00','14-15'),(394,'14:33:00','14-15'),(395,'14:34:00','14-15'),(396,'14:35:00','14-15'),(397,'14:36:00','14-15'),(398,'14:37:00','14-15'),(399,'14:38:00','14-15'),(400,'14:39:00','14-15'),(401,'14:40:00','14-15'),(402,'14:41:00','14-15'),(403,'14:42:00','14-15'),(404,'14:43:00','14-15'),(405,'14:44:00','14-15'),(406,'14:45:00','14-15'),(407,'14:46:00','14-15'),(408,'14:47:00','14-15'),(409,'14:48:00','14-15'),(410,'14:49:00','14-15'),(411,'14:50:00','14-15'),(412,'14:51:00','14-15'),(413,'14:52:00','14-15'),(414,'14:53:00','14-15'),(415,'14:54:00','14-15'),(416,'14:55:00','14-15'),(417,'14:56:00','14-15'),(418,'14:57:00','14-15'),(419,'14:58:00','14-15'),(420,'14:59:00','14-15'),(421,'15:00:00','15-16'),(422,'15:01:00','15-16'),(423,'15:02:00','15-16'),(424,'15:03:00','15-16'),(425,'15:04:00','15-16'),(426,'15:05:00','15-16'),(427,'15:06:00','15-16'),(428,'15:07:00','15-16'),(429,'15:08:00','15-16'),(430,'15:09:00','15-16'),(431,'15:10:00','15-16'),(432,'15:11:00','15-16'),(433,'15:12:00','15-16'),(434,'15:13:00','15-16'),(435,'15:14:00','15-16'),(436,'15:15:00','15-16'),(437,'15:16:00','15-16'),(438,'15:17:00','15-16'),(439,'15:18:00','15-16'),(440,'15:19:00','15-16'),(441,'15:20:00','15-16'),(442,'15:21:00','15-16'),(443,'15:22:00','15-16'),(444,'15:23:00','15-16'),(445,'15:24:00','15-16'),(446,'15:25:00','15-16'),(447,'15:26:00','15-16'),(448,'15:27:00','15-16'),(449,'15:28:00','15-16'),(450,'15:29:00','15-16'),(451,'15:30:00','15-16'),(452,'15:31:00','15-16'),(453,'15:32:00','15-16'),(454,'15:33:00','15-16'),(455,'15:34:00','15-16'),(456,'15:35:00','15-16'),(457,'15:36:00','15-16'),(458,'15:37:00','15-16'),(459,'15:38:00','15-16'),(460,'15:39:00','15-16'),(461,'15:40:00','15-16'),(462,'15:41:00','15-16'),(463,'15:42:00','15-16'),(464,'15:43:00','15-16'),(465,'15:44:00','15-16'),(466,'15:45:00','15-16'),(467,'15:46:00','15-16'),(468,'15:47:00','15-16'),(469,'15:48:00','15-16'),(470,'15:49:00','15-16'),(471,'15:50:00','15-16'),(472,'15:51:00','15-16'),(473,'15:52:00','15-16'),(474,'15:53:00','15-16'),(475,'15:54:00','15-16'),(476,'15:55:00','15-16'),(477,'15:56:00','15-16'),(478,'15:57:00','15-16'),(479,'15:58:00','15-16'),(480,'15:59:00','15-16'),(481,'16:00:00','16-17'),(482,'16:01:00','16-17'),(483,'16:02:00','16-17'),(484,'16:03:00','16-17'),(485,'16:04:00','16-17'),(486,'16:05:00','16-17'),(487,'16:06:00','16-17'),(488,'16:07:00','16-17'),(489,'16:08:00','16-17'),(490,'16:09:00','16-17'),(491,'16:10:00','16-17'),(492,'16:11:00','16-17'),(493,'16:12:00','16-17'),(494,'16:13:00','16-17'),(495,'16:14:00','16-17'),(496,'16:15:00','16-17'),(497,'16:16:00','16-17'),(498,'16:17:00','16-17'),(499,'16:18:00','16-17'),(500,'16:19:00','16-17'),(501,'16:20:00','16-17'),(502,'16:21:00','16-17'),(503,'16:22:00','16-17'),(504,'16:23:00','16-17'),(505,'16:24:00','16-17'),(506,'16:25:00','16-17'),(507,'16:26:00','16-17'),(508,'16:27:00','16-17'),(509,'16:28:00','16-17'),(510,'16:29:00','16-17'),(511,'16:30:00','16-17'),(512,'16:31:00','16-17'),(513,'16:32:00','16-17'),(514,'16:33:00','16-17'),(515,'16:34:00','16-17'),(516,'16:35:00','16-17'),(517,'16:36:00','16-17'),(518,'16:37:00','16-17'),(519,'16:38:00','16-17'),(520,'16:39:00','16-17'),(521,'16:40:00','16-17'),(522,'16:41:00','16-17'),(523,'16:42:00','16-17'),(524,'16:43:00','16-17'),(525,'16:44:00','16-17'),(526,'16:45:00','16-17'),(527,'16:46:00','16-17'),(528,'16:47:00','16-17'),(529,'16:48:00','16-17'),(530,'16:49:00','16-17'),(531,'16:50:00','16-17'),(532,'16:51:00','16-17'),(533,'16:52:00','16-17'),(534,'16:53:00','16-17'),(535,'16:54:00','16-17'),(536,'16:55:00','16-17'),(537,'16:56:00','16-17'),(538,'16:57:00','16-17'),(539,'16:58:00','16-17'),(540,'16:59:00','16-17'),(541,'17:00:00','17-18'),(542,'17:01:00','17-18'),(543,'17:02:00','17-18'),(544,'17:03:00','17-18'),(545,'17:04:00','17-18'),(546,'17:05:00','17-18'),(547,'17:06:00','17-18'),(548,'17:07:00','17-18'),(549,'17:08:00','17-18'),(550,'17:09:00','17-18'),(551,'17:10:00','17-18'),(552,'17:11:00','17-18'),(553,'17:12:00','17-18'),(554,'17:13:00','17-18'),(555,'17:14:00','17-18'),(556,'17:15:00','17-18'),(557,'17:16:00','17-18'),(558,'17:17:00','17-18'),(559,'17:18:00','17-18'),(560,'17:19:00','17-18'),(561,'17:20:00','17-18'),(562,'17:21:00','17-18'),(563,'17:22:00','17-18'),(564,'17:23:00','17-18'),(565,'17:24:00','17-18'),(566,'17:25:00','17-18'),(567,'17:26:00','17-18'),(568,'17:27:00','17-18'),(569,'17:28:00','17-18'),(570,'17:29:00','17-18'),(571,'17:30:00','17-18'),(572,'17:31:00','17-18'),(573,'17:32:00','17-18'),(574,'17:33:00','17-18'),(575,'17:34:00','17-18'),(576,'17:35:00','17-18'),(577,'17:36:00','17-18'),(578,'17:37:00','17-18'),(579,'17:38:00','17-18'),(580,'17:39:00','17-18'),(581,'17:40:00','17-18'),(582,'17:41:00','17-18'),(583,'17:42:00','17-18'),(584,'17:43:00','17-18'),(585,'17:44:00','17-18'),(586,'17:45:00','17-18'),(587,'17:46:00','17-18'),(588,'17:47:00','17-18'),(589,'17:48:00','17-18'),(590,'17:49:00','17-18'),(591,'17:50:00','17-18'),(592,'17:51:00','17-18'),(593,'17:52:00','17-18'),(594,'17:53:00','17-18'),(595,'17:54:00','17-18'),(596,'17:55:00','17-18'),(597,'17:56:00','17-18'),(598,'17:57:00','17-18'),(599,'17:58:00','17-18'),(600,'17:59:00','17-18'),(601,'18:00:00','18-19'),(602,'18:01:00','18-19'),(603,'18:02:00','18-19'),(604,'18:03:00','18-19'),(605,'18:04:00','18-19'),(606,'18:05:00','18-19'),(607,'18:06:00','18-19'),(608,'18:07:00','18-19'),(609,'18:08:00','18-19'),(610,'18:09:00','18-19'),(611,'18:10:00','18-19'),(612,'18:11:00','18-19'),(613,'18:12:00','18-19'),(614,'18:13:00','18-19'),(615,'18:14:00','18-19'),(616,'18:15:00','18-19'),(617,'18:16:00','18-19'),(618,'18:17:00','18-19'),(619,'18:18:00','18-19'),(620,'18:19:00','18-19'),(621,'18:20:00','18-19'),(622,'18:21:00','18-19'),(623,'18:22:00','18-19'),(624,'18:23:00','18-19'),(625,'18:24:00','18-19'),(626,'18:25:00','18-19'),(627,'18:26:00','18-19'),(628,'18:27:00','18-19'),(629,'18:28:00','18-19'),(630,'18:29:00','18-19'),(631,'18:30:00','18-19'),(632,'18:31:00','18-19'),(633,'18:32:00','18-19'),(634,'18:33:00','18-19'),(635,'18:34:00','18-19'),(636,'18:35:00','18-19'),(637,'18:36:00','18-19'),(638,'18:37:00','18-19'),(639,'18:38:00','18-19'),(640,'18:39:00','18-19'),(641,'18:40:00','18-19'),(642,'18:41:00','18-19'),(643,'18:42:00','18-19'),(644,'18:43:00','18-19'),(645,'18:44:00','18-19'),(646,'18:45:00','18-19'),(647,'18:46:00','18-19'),(648,'18:47:00','18-19'),(649,'18:48:00','18-19'),(650,'18:49:00','18-19'),(651,'18:50:00','18-19'),(652,'18:51:00','18-19'),(653,'18:52:00','18-19'),(654,'18:53:00','18-19'),(655,'18:54:00','18-19'),(656,'18:55:00','18-19'),(657,'18:56:00','18-19'),(658,'18:57:00','18-19'),(659,'18:58:00','18-19'),(660,'18:59:00','18-19'),(661,'19:00:00','19-20'),(662,'19:01:00','19-20'),(663,'19:02:00','19-20'),(664,'19:03:00','19-20'),(665,'19:04:00','19-20'),(666,'19:05:00','19-20'),(667,'19:06:00','19-20'),(668,'19:07:00','19-20'),(669,'19:08:00','19-20'),(670,'19:09:00','19-20'),(671,'19:10:00','19-20'),(672,'19:11:00','19-20'),(673,'19:12:00','19-20'),(674,'19:13:00','19-20'),(675,'19:14:00','19-20'),(676,'19:15:00','19-20'),(677,'19:16:00','19-20'),(678,'19:17:00','19-20'),(679,'19:18:00','19-20'),(680,'19:19:00','19-20'),(681,'19:20:00','19-20'),(682,'19:21:00','19-20'),(683,'19:22:00','19-20'),(684,'19:23:00','19-20'),(685,'19:24:00','19-20'),(686,'19:25:00','19-20'),(687,'19:26:00','19-20'),(688,'19:27:00','19-20'),(689,'19:28:00','19-20'),(690,'19:29:00','19-20'),(691,'19:30:00','19-20'),(692,'19:31:00','19-20'),(693,'19:32:00','19-20'),(694,'19:33:00','19-20'),(695,'19:34:00','19-20'),(696,'19:35:00','19-20'),(697,'19:36:00','19-20'),(698,'19:37:00','19-20'),(699,'19:38:00','19-20'),(700,'19:39:00','19-20'),(701,'19:40:00','19-20'),(702,'19:41:00','19-20'),(703,'19:42:00','19-20'),(704,'19:43:00','19-20'),(705,'19:44:00','19-20'),(706,'19:45:00','19-20'),(707,'19:46:00','19-20'),(708,'19:47:00','19-20'),(709,'19:48:00','19-20'),(710,'19:49:00','19-20'),(711,'19:50:00','19-20'),(712,'19:51:00','19-20'),(713,'19:52:00','19-20'),(714,'19:53:00','19-20'),(715,'19:54:00','19-20'),(716,'19:55:00','19-20'),(717,'19:56:00','19-20'),(718,'19:57:00','19-20'),(719,'19:58:00','19-20'),(720,'19:59:00','19-20'),(721,'20:00:00','20-21'),(722,'20:01:00','20-21'),(723,'20:02:00','20-21'),(724,'20:03:00','20-21'),(725,'20:04:00','20-21'),(726,'20:05:00','20-21'),(727,'20:06:00','20-21'),(728,'20:07:00','20-21'),(729,'20:08:00','20-21'),(730,'20:09:00','20-21'),(731,'20:10:00','20-21'),(732,'20:11:00','20-21'),(733,'20:12:00','20-21'),(734,'20:13:00','20-21'),(735,'20:14:00','20-21'),(736,'20:15:00','20-21'),(737,'20:16:00','20-21'),(738,'20:17:00','20-21'),(739,'20:18:00','20-21'),(740,'20:19:00','20-21'),(741,'20:20:00','20-21'),(742,'20:21:00','20-21'),(743,'20:22:00','20-21'),(744,'20:23:00','20-21'),(745,'20:24:00','20-21'),(746,'20:25:00','20-21'),(747,'20:26:00','20-21'),(748,'20:27:00','20-21'),(749,'20:28:00','20-21'),(750,'20:29:00','20-21'),(751,'20:30:00','20-21'),(752,'20:31:00','20-21'),(753,'20:32:00','20-21'),(754,'20:33:00','20-21'),(755,'20:34:00','20-21'),(756,'20:35:00','20-21'),(757,'20:36:00','20-21'),(758,'20:37:00','20-21'),(759,'20:38:00','20-21'),(760,'20:39:00','20-21'),(761,'20:40:00','20-21'),(762,'20:41:00','20-21'),(763,'20:42:00','20-21'),(764,'20:43:00','20-21'),(765,'20:44:00','20-21'),(766,'20:45:00','20-21'),(767,'20:46:00','20-21'),(768,'20:47:00','20-21'),(769,'20:48:00','20-21'),(770,'20:49:00','20-21'),(771,'20:50:00','20-21'),(772,'20:51:00','20-21'),(773,'20:52:00','20-21'),(774,'20:53:00','20-21'),(775,'20:54:00','20-21'),(776,'20:55:00','20-21'),(777,'20:56:00','20-21'),(778,'20:57:00','20-21'),(779,'20:58:00','20-21'),(780,'20:59:00','20-21'),(781,'21:00:00','21-22'),(782,'21:01:00','21-22'),(783,'21:02:00','21-22'),(784,'21:03:00','21-22'),(785,'21:04:00','21-22'),(786,'21:05:00','21-22'),(787,'21:06:00','21-22'),(788,'21:07:00','21-22'),(789,'21:08:00','21-22'),(790,'21:09:00','21-22'),(791,'21:10:00','21-22'),(792,'21:11:00','21-22'),(793,'21:12:00','21-22'),(794,'21:13:00','21-22'),(795,'21:14:00','21-22'),(796,'21:15:00','21-22'),(797,'21:16:00','21-22'),(798,'21:17:00','21-22'),(799,'21:18:00','21-22'),(800,'21:19:00','21-22'),(801,'21:20:00','21-22'),(802,'21:21:00','21-22'),(803,'21:22:00','21-22'),(804,'21:23:00','21-22'),(805,'21:24:00','21-22'),(806,'21:25:00','21-22'),(807,'21:26:00','21-22'),(808,'21:27:00','21-22'),(809,'21:28:00','21-22'),(810,'21:29:00','21-22'),(811,'21:30:00','21-22'),(812,'21:31:00','21-22'),(813,'21:32:00','21-22'),(814,'21:33:00','21-22'),(815,'21:34:00','21-22'),(816,'21:35:00','21-22'),(817,'21:36:00','21-22'),(818,'21:37:00','21-22'),(819,'21:38:00','21-22'),(820,'21:39:00','21-22'),(821,'21:40:00','21-22'),(822,'21:41:00','21-22'),(823,'21:42:00','21-22'),(824,'21:43:00','21-22'),(825,'21:44:00','21-22'),(826,'21:45:00','21-22'),(827,'21:46:00','21-22'),(828,'21:47:00','21-22'),(829,'21:48:00','21-22'),(830,'21:49:00','21-22'),(831,'21:50:00','21-22'),(832,'21:51:00','21-22'),(833,'21:52:00','21-22'),(834,'21:53:00','21-22'),(835,'21:54:00','21-22'),(836,'21:55:00','21-22'),(837,'21:56:00','21-22'),(838,'21:57:00','21-22'),(839,'21:58:00','21-22'),(840,'21:59:00','21-22'),(841,'22:00:00','22-23'),(842,'22:01:00','22-23'),(843,'22:02:00','22-23'),(844,'22:03:00','22-23'),(845,'22:04:00','22-23'),(846,'22:05:00','22-23'),(847,'22:06:00','22-23'),(848,'22:07:00','22-23'),(849,'22:08:00','22-23'),(850,'22:09:00','22-23'),(851,'22:10:00','22-23'),(852,'22:11:00','22-23'),(853,'22:12:00','22-23'),(854,'22:13:00','22-23'),(855,'22:14:00','22-23'),(856,'22:15:00','22-23'),(857,'22:16:00','22-23'),(858,'22:17:00','22-23'),(859,'22:18:00','22-23'),(860,'22:19:00','22-23'),(861,'22:20:00','22-23'),(862,'22:21:00','22-23'),(863,'22:22:00','22-23'),(864,'22:23:00','22-23'),(865,'22:24:00','22-23'),(866,'22:25:00','22-23'),(867,'22:26:00','22-23'),(868,'22:27:00','22-23'),(869,'22:28:00','22-23'),(870,'22:29:00','22-23'),(871,'22:30:00','22-23'),(872,'22:31:00','22-23'),(873,'22:32:00','22-23'),(874,'22:33:00','22-23'),(875,'22:34:00','22-23'),(876,'22:35:00','22-23'),(877,'22:36:00','22-23'),(878,'22:37:00','22-23'),(879,'22:38:00','22-23'),(880,'22:39:00','22-23'),(881,'22:40:00','22-23'),(882,'22:41:00','22-23'),(883,'22:42:00','22-23'),(884,'22:43:00','22-23'),(885,'22:44:00','22-23'),(886,'22:45:00','22-23'),(887,'22:46:00','22-23'),(888,'22:47:00','22-23'),(889,'22:48:00','22-23'),(890,'22:49:00','22-23'),(891,'22:50:00','22-23'),(892,'22:51:00','22-23'),(893,'22:52:00','22-23'),(894,'22:53:00','22-23'),(895,'22:54:00','22-23'),(896,'22:55:00','22-23'),(897,'22:56:00','22-23'),(898,'22:57:00','22-23'),(899,'22:58:00','22-23'),(900,'22:59:00','22-23'),(901,'23:00:00','23-24'),(902,'23:01:00','23-24'),(903,'23:02:00','23-24'),(904,'23:03:00','23-24'),(905,'23:04:00','23-24'),(906,'23:05:00','23-24'),(907,'23:06:00','23-24'),(908,'23:07:00','23-24'),(909,'23:08:00','23-24'),(910,'23:09:00','23-24'),(911,'23:10:00','23-24'),(912,'23:11:00','23-24'),(913,'23:12:00','23-24'),(914,'23:13:00','23-24'),(915,'23:14:00','23-24'),(916,'23:15:00','23-24'),(917,'23:16:00','23-24'),(918,'23:17:00','23-24'),(919,'23:18:00','23-24'),(920,'23:19:00','23-24'),(921,'23:20:00','23-24'),(922,'23:21:00','23-24'),(923,'23:22:00','23-24'),(924,'23:23:00','23-24'),(925,'23:24:00','23-24'),(926,'23:25:00','23-24'),(927,'23:26:00','23-24'),(928,'23:27:00','23-24'),(929,'23:28:00','23-24'),(930,'23:29:00','23-24'),(931,'23:30:00','23-24'),(932,'23:31:00','23-24'),(933,'23:32:00','23-24'),(934,'23:33:00','23-24'),(935,'23:34:00','23-24'),(936,'23:35:00','23-24'),(937,'23:36:00','23-24'),(938,'23:37:00','23-24'),(939,'23:38:00','23-24'),(940,'23:39:00','23-24'),(941,'23:40:00','23-24'),(942,'23:41:00','23-24'),(943,'23:42:00','23-24'),(944,'23:43:00','23-24'),(945,'23:44:00','23-24'),(946,'23:45:00','23-24'),(947,'23:46:00','23-24'),(948,'23:47:00','23-24'),(949,'23:48:00','23-24'),(950,'23:49:00','23-24'),(951,'23:50:00','23-24'),(952,'23:51:00','23-24'),(953,'23:52:00','23-24'),(954,'23:53:00','23-24'),(955,'23:54:00','23-24'),(956,'23:55:00','23-24'),(957,'23:56:00','23-24'),(958,'23:57:00','23-24'),(959,'23:58:00','23-24'),(960,'23:59:00','23-24');
/*!40000 ALTER TABLE `franja_horaria` ENABLE KEYS */;
UNLOCK TABLES;

--
-- Table structure for table `movimiento_stock`
--

DROP TABLE IF EXISTS `movimiento_stock`;
/*!40101 SET @saved_cs_client     = @@character_set_client */;
/*!50503 SET character_set_client = utf8mb4 */;
CREATE TABLE `movimiento_stock` (
  `id_movimiento` int(11) NOT NULL AUTO_INCREMENT,
  `id_producto` int(11) NOT NULL,
  `fecha` datetime NOT NULL DEFAULT CURRENT_TIMESTAMP,
  `tipo_movimiento` enum('INGRESO','EGRESO','AJUSTE') NOT NULL,
  `cantidad` decimal(10,0) NOT NULL,
  `descripcion` varchar(200) DEFAULT NULL,
  PRIMARY KEY (`id_movimiento`),
  KEY `fk_movimiento_producto` (`id_producto`),
  CONSTRAINT `fk_movimiento_producto` FOREIGN KEY (`id_producto`) REFERENCES `producto` (`id_producto`)
) ENGINE=InnoDB AUTO_INCREMENT=17 DEFAULT CHARSET=latin1;
/*!40101 SET character_set_client = @saved_cs_client */;

--
-- Dumping data for table `movimiento_stock`
--

LOCK TABLES `movimiento_stock` WRITE;
/*!40000 ALTER TABLE `movimiento_stock` DISABLE KEYS */;
INSERT INTO `movimiento_stock` VALUES (1,5,'2025-10-01 10:15:00','INGRESO',10,'Compra de materia prima'),(2,8,'2025-10-03 14:20:00','INGRESO',8,'Reposición por bajo stock'),(3,12,'2025-10-05 09:30:00','INGRESO',12,'Compra semanal a proveedor'),(4,16,'2025-10-07 15:10:00','INGRESO',20,'Compra de productos de almacén'),(5,19,'2025-10-09 11:45:00','INGRESO',15,'Recepción de pedido proveedor local'),(6,23,'2025-10-10 13:00:00','INGRESO',25,'Stock inicial sucursal Quilmes'),(7,27,'2025-10-12 16:30:00','INGRESO',10,'Ingreso de mercadería de temporada'),(8,30,'2025-10-15 09:10:00','INGRESO',30,'Compra mayorista'),(9,5,'2025-10-16 11:20:00','EGRESO',3,'Venta ticket #455'),(10,8,'2025-10-17 17:15:00','EGRESO',2,'Venta ticket #456'),(11,12,'2025-10-18 19:00:00','EGRESO',5,'Venta ticket #457'),(12,16,'2025-10-19 20:45:00','EGRESO',4,'Venta ticket #458'),(13,19,'2025-10-20 18:10:00','EGRESO',2,'Venta ticket #459'),(14,23,'2025-10-21 09:25:00','EGRESO',3,'Venta ticket #460'),(15,27,'2025-10-22 15:30:00','EGRESO',1,'Venta ticket #461'),(16,30,'2025-10-23 12:40:00','EGRESO',6,'Venta ticket #462');
/*!40000 ALTER TABLE `movimiento_stock` ENABLE KEYS */;
UNLOCK TABLES;

--
-- Table structure for table `precio`
--

DROP TABLE IF EXISTS `precio`;
/*!40101 SET @saved_cs_client     = @@character_set_client */;
/*!50503 SET character_set_client = utf8mb4 */;
CREATE TABLE `precio` (
  `id_producto` int(11) NOT NULL,
  `id_categoria` int(11) NOT NULL,
  `nombre` varchar(100) DEFAULT NULL,
  `precio_unit` decimal(10,2) NOT NULL,
  `sku` varchar(100) DEFAULT NULL,
  `descripcion` varchar(150) DEFAULT NULL,
  PRIMARY KEY (`id_producto`)
) ENGINE=InnoDB DEFAULT CHARSET=latin1;
/*!40101 SET character_set_client = @saved_cs_client */;

--
-- Dumping data for table `precio`
--

LOCK TABLES `precio` WRITE;
/*!40000 ALTER TABLE `precio` DISABLE KEYS */;
INSERT INTO `precio` VALUES (1,1,'Pechuga al verdeo',19400.00,'632','Bebida fría'),(2,1,'Suprema de pollo',16250.00,'152','Postre artesanal'),(3,1,'Pechuga florentina',20600.00,'395','Acompañamiento clásico'),(4,1,'Pechuga al limón',18100.00,'405',NULL),(5,1,'Pechuga al curry',19400.00,'355','Postre artesanal'),(6,1,'Tarta con ensalada',20600.00,'178','Acompañamiento clásico'),(7,1,'Salmón grillé al limón',27500.00,'817','Ideal para la merienda'),(8,1,'Salmón finas hierbas',29400.00,'533','Bebida fría'),(9,1,'Merluza roquefort',23100.00,'514','Bebida fría'),(10,1,'Canelones espinacas',20000.00,'992','Ideal para la merienda'),(11,1,'Canelones de carne',20000.00,'19','Plato principal casero'),(12,1,'Lasaña completa',20600.00,'772',NULL),(13,1,'Lasaña vegetariana',20600.00,'795','Plato principal casero'),(14,1,'Tallarines Parisienne',20000.00,'334','Acompañamiento clásico'),(15,1,'Bondiola BBQ',20000.00,'327','Bebida fría'),(16,1,'Ribbs BBQ',21900.00,'981','Plato principal casero'),(17,1,'Carré Dijon',20600.00,'600','Acompañamiento clásico'),(18,1,'Bondiola braseada',20000.00,'818','Postre artesanal'),(19,1,'Tortilla espinacas',15600.00,'612','Bebida fría'),(20,1,'Tortilla de papas',15000.00,'800','Plato principal casero'),(21,1,'Chop suey',18100.00,'553','Ideal para la merienda'),(22,1,'Berenjena napolitana',10600.00,'980',NULL),(23,1,'Calabaza rellena',15600.00,'770','Plato principal casero'),(24,1,'Goulash',20000.00,'363','Postre artesanal'),(25,1,'Bife a la criolla',22500.00,'642','Café o infusión caliente'),(26,1,'Strogonoff',18750.00,'707',NULL),(27,1,'Albóndigas al filetto',16250.00,'21',NULL),(28,1,'Guiso de lentejas',18100.00,'757','Bebida fría'),(29,1,'Sandwich del pacífico',22500.00,'635','Acompañamiento clásico'),(30,1,'Burger sandwich',21900.00,'750',NULL),(31,1,'Milanesa sandwich',22500.00,'296','Bebida fría'),(32,1,'Sandwich jamón y queso',11900.00,'51','Ideal para la merienda'),(33,1,'Suprema sandwich',21900.00,'803','Ideal para la merienda'),(34,1,'Sandwich porteño',16250.00,'22','Acompañamiento clásico'),(35,1,'Alaska sandwich',22500.00,'736','Bebida fría'),(36,1,'Sand queso solo',11900.00,'784',NULL),(37,1,'Bondiola sandwich',21900.00,'308',NULL),(38,1,'Burger veggie sandwich',21900.00,'176',NULL),(39,1,'Sandwich del campo',17500.00,'933','Bebida fría'),(40,1,'Tucu sandwich',21900.00,'179','Ideal para la merienda'),(41,1,'Chicken sandwich',21900.00,'573','Ideal para la merienda'),(42,1,'Sandwich criollo',15600.00,'756','Bebida fría'),(43,1,'Sandwich serranito',16250.00,'11',NULL),(44,1,'Hamburguesa infantil',17500.00,'132','Acompañamiento clásico'),(45,1,'Ensalada sushi salad',27500.00,'836','Bebida fría'),(46,1,'Wraps point',15000.00,'808','Acompañamiento clásico'),(47,1,'Wraps palta',17500.00,'267','Café o infusión caliente'),(48,1,'Wraps Caesar',13100.00,'911','Ideal para la merienda'),(49,1,'Ensalada Caesar',18750.00,'73','Plato principal casero'),(50,1,'Ensalada Point',21900.00,'715','Bebida fría'),(51,1,'Ensalada Palta',22500.00,'774','Postre artesanal'),(52,2,'Fanta',5000.00,'780','Bebida fría'),(53,2,'Cepita Kids Naranja',2750.00,'555','Café o infusión caliente'),(54,2,'Powerade Mountain Blast',6250.00,'585',NULL),(55,2,'Aquarius Naranja',5000.00,'34',NULL),(56,2,'Aquarius Manzana',5000.00,'295','Postre artesanal'),(57,2,'Aquarius Pomelo',5000.00,'938','Plato principal casero'),(58,2,'Powerade Frutos Tropicales',6250.00,'16',NULL),(59,2,'Coca Zero',5000.00,'496','Postre artesanal'),(60,2,'Sprite Zero',5000.00,'701','Acompañamiento clásico'),(61,2,'Aquarius Pera',5000.00,'212','Postre artesanal'),(62,2,'Agua con gas',4600.00,'70','Café o infusión caliente'),(63,2,'Sprite',5000.00,'453','Café o infusión caliente'),(64,2,'Coca Light',5000.00,'894','Bebida fría'),(65,2,'Coca Cola',5000.00,'14','Plato principal casero'),(66,2,'Powerade Manzana',6250.00,'540','Café o infusión caliente'),(67,2,'Cepita Kids Multifruta',2750.00,'96','Ideal para la merienda'),(68,2,'Agua sin gas',4600.00,'531','Acompañamiento clásico'),(69,2,'Cepita Kids Manzana',2750.00,'53','Postre artesanal'),(70,2,'Patagonia lata 1/2',8100.00,'469','Postre artesanal'),(71,2,'Limonada Frozen 500cc',5600.00,'538','Ideal para la merienda'),(72,2,'Limonada Frozen 1L',10000.00,'419',NULL),(73,2,'Jugo naranja exprimido 500cc',7900.00,'447',NULL),(74,2,'Jugo naranja exprimido 280cc',5250.00,'118','Postre artesanal'),(75,3,'Lágrima doble',5600.00,'424','Plato principal casero'),(76,3,'Flat White descafeinado',6900.00,'61','Bebida fría'),(77,3,'Café con leche descafeinado',5250.00,'416','Postre artesanal'),(78,3,'Flat White',6900.00,'619',NULL),(79,3,'Capuccino italiano',5600.00,'428','Acompañamiento clásico'),(80,3,'Iced Macchiato',6250.00,'515',NULL),(81,3,'Submarino',5600.00,'634',NULL),(82,3,'Café con leche',5250.00,'731','Plato principal casero'),(83,3,'Romas Vanilla Macchiato',6900.00,'744','Ideal para la merienda'),(84,3,'Latte Macchiato',5600.00,'987','Ideal para la merienda'),(85,3,'Maruja Caramel Latte',6900.00,'507','Ideal para la merienda'),(86,3,'Té en hebras',5000.00,'745','Acompañamiento clásico'),(87,4,'Roll canela',5000.00,'492','Bebida fría'),(88,4,'Medialuna jamón y queso',4400.00,'188','Ideal para la merienda'),(89,4,'Alfajor de almendras',3400.00,'723','Café o infusión caliente'),(90,5,'Brownie St',10000.00,'614','Postre artesanal'),(91,4,'Budín casero limón',6250.00,'627',NULL),(92,4,'Alfajor de maicena Palta',3750.00,'544',NULL),(93,4,'Alfajor sin TACC',4400.00,'391',NULL),(94,4,'Alfajor choco & almendras',3400.00,'821','Postre artesanal'),(95,4,'Chipá x4',3000.00,'68','Café o infusión caliente'),(96,4,'Cookies Rocklets',4400.00,'313','Acompañamiento clásico'),(97,4,'Crumble coco y ddl',7500.00,'129','Acompañamiento clásico'),(98,4,'Scon dulce',3400.00,'446','Acompañamiento clásico'),(99,4,'Crumble de manzana',7500.00,'55',NULL),(100,4,'Alfajor de nuez',3400.00,'218','Café o infusión caliente'),(101,4,'Scon de queso',4400.00,'570','Bebida fría'),(102,4,'Medialuna de grasa',1500.00,'150','Bebida fría'),(103,4,'Medialuna de manteca',1500.00,'506','Plato principal casero'),(104,4,'Budín casero naranjas',6250.00,'260','Plato principal casero'),(105,4,'Cookies Pepitos',4400.00,'676','Postre artesanal'),(106,4,'Yogur con mix de frutos',10000.00,'402','Bebida fría'),(107,4,'Chipá x2',1500.00,'834','Bebida fría'),(108,4,'Crumble cookies pistacho',6000.00,'127','Acompañamiento clásico'),(109,4,'Crumble frutos rojos',7500.00,'877',NULL),(110,4,'Alfajor manteca Palta',3400.00,'94','Bebida fría'),(111,4,'Alfajor cordobés Palta',2900.00,'299','Postre artesanal'),(112,5,'Brownie chocolate',7500.00,'362','Bebida fría'),(113,5,'Munchis frutilla',6900.00,'926','Ideal para la merienda'),(114,5,'Munchis ddl',6900.00,'727','Acompañamiento clásico'),(115,5,'Munchis crema',6900.00,'181','Postre artesanal'),(116,5,'Lemon pie',11900.00,'180','Ideal para la merienda'),(117,5,'Marquise',11900.00,'633','Ideal para la merienda'),(118,5,'Choco Oreo',11900.00,'673','Plato principal casero'),(119,5,'Torta Matilda',11900.00,'786','Plato principal casero'),(120,5,'Torta almendras frutos rojos',11900.00,'679','Bebida fría'),(121,5,'Carrot Cake',11900.00,'103','Acompañamiento clásico'),(122,5,'Torta Rogel entera',81250.00,'923','Plato principal casero'),(123,6,'Puré de manzana',4400.00,'903','Acompañamiento clásico'),(124,6,'Verduritas salteadas',4400.00,'503','Postre artesanal'),(125,6,'Batatas Caramel',4600.00,'878','Postre artesanal'),(126,6,'Guarnición Point',8750.00,'891','Postre artesanal'),(127,6,'Puré de batata',4400.00,'855',NULL),(128,6,'Guarnición Palta',8750.00,'660','Plato principal casero'),(129,6,'Arroz Pilaf',3100.00,'361',NULL),(130,6,'Quinoa salteada',3500.00,'486',NULL),(131,6,'Guarnición Caesar',8750.00,'925','Bebida fría'),(132,6,'Espinacas a la crema',6250.00,'794',NULL);
/*!40000 ALTER TABLE `precio` ENABLE KEYS */;
UNLOCK TABLES;

--
-- Table structure for table `producto`
--

DROP TABLE IF EXISTS `producto`;
/*!40101 SET @saved_cs_client     = @@character_set_client */;
/*!50503 SET character_set_client = utf8mb4 */;
CREATE TABLE `producto` (
  `id_producto` int(11) NOT NULL AUTO_INCREMENT,
  `id_categoria` int(11) NOT NULL,
  `nombre` varchar(100) NOT NULL,
  `sku` varchar(100) DEFAULT NULL,
  `descripcion` varchar(150) DEFAULT NULL,
  PRIMARY KEY (`id_producto`),
  KEY `fk_productos_categoria` (`id_categoria`),
  CONSTRAINT `fk_productos_categoria` FOREIGN KEY (`id_categoria`) REFERENCES `categoria` (`id_categoria`)
) ENGINE=InnoDB AUTO_INCREMENT=133 DEFAULT CHARSET=latin1;
/*!40101 SET character_set_client = @saved_cs_client */;

--
-- Dumping data for table `producto`
--

LOCK TABLES `producto` WRITE;
/*!40000 ALTER TABLE `producto` DISABLE KEYS */;
INSERT INTO `producto` VALUES (1,1,'Pechuga al verdeo','0632','Bebida fría'),(2,1,'Suprema de pollo','0152','Postre artesanal'),(3,1,'Pechuga florentina','0395','Acompañamiento clásico'),(4,1,'Pechuga al limón','0405',NULL),(5,1,'Pechuga al curry','0355','Postre artesanal'),(6,1,'Tarta con ensalada','0178','Acompañamiento clásico'),(7,1,'Salmón grillé al limón','0817','Ideal para la merienda'),(8,1,'Salmón finas hierbas','0533','Bebida fría'),(9,1,'Merluza roquefort','0514','Bebida fría'),(10,1,'Canelones espinacas','0992','Ideal para la merienda'),(11,1,'Canelones de carne','0019','Plato principal casero'),(12,1,'Lasaña completa','0772',NULL),(13,1,'Lasaña vegetariana','0795','Plato principal casero'),(14,1,'Tallarines Parisienne','0334','Acompañamiento clásico'),(15,1,'Bondiola BBQ','0327','Bebida fría'),(16,1,'Ribbs BBQ','0981','Plato principal casero'),(17,1,'Carré Dijon','0600','Acompañamiento clásico'),(18,1,'Bondiola braseada','0818','Postre artesanal'),(19,1,'Tortilla espinacas','0612','Bebida fría'),(20,1,'Tortilla de papas','0800','Plato principal casero'),(21,1,'Chop suey','0553','Ideal para la merienda'),(22,1,'Berenjena napolitana','0980',NULL),(23,1,'Calabaza rellena','0770','Plato principal casero'),(24,1,'Goulash','0363','Postre artesanal'),(25,1,'Bife a la criolla','0642','Café o infusión caliente'),(26,1,'Strogonoff','0707',NULL),(27,1,'Albóndigas al filetto','0021',NULL),(28,1,'Guiso de lentejas','0757','Bebida fría'),(29,1,'Sandwich del pacífico','0635','Acompañamiento clásico'),(30,1,'Burger sandwich','0750',NULL),(31,1,'Milanesa sandwich','0296','Bebida fría'),(32,1,'Sandwich jamón y queso','0051','Ideal para la merienda'),(33,1,'Suprema sandwich','0803','Ideal para la merienda'),(34,1,'Sandwich porteño','0022','Acompañamiento clásico'),(35,1,'Alaska sandwich','0736','Bebida fría'),(36,1,'Sand queso solo','0784',NULL),(37,1,'Bondiola sandwich','0308',NULL),(38,1,'Burger veggie sandwich','0176',NULL),(39,1,'Sandwich del campo','0933','Bebida fría'),(40,1,'Tucu sandwich','0179','Ideal para la merienda'),(41,1,'Chicken sandwich','0573','Ideal para la merienda'),(42,1,'Sandwich criollo','0756','Bebida fría'),(43,1,'Sandwich serranito','0011',NULL),(44,1,'Hamburguesa infantil','0132','Acompañamiento clásico'),(45,1,'Ensalada sushi salad','0836','Bebida fría'),(46,1,'Wraps point','0808','Acompañamiento clásico'),(47,1,'Wraps palta','0267','Café o infusión caliente'),(48,1,'Wraps Caesar','0911','Ideal para la merienda'),(49,1,'Ensalada Caesar','0073','Plato principal casero'),(50,1,'Ensalada Point','0715','Bebida fría'),(51,1,'Ensalada Palta','0774','Postre artesanal'),(52,2,'Fanta','0780','Bebida fría'),(53,2,'Cepita Kids Naranja','0555','Café o infusión caliente'),(54,2,'Powerade Mountain Blast','0585',NULL),(55,2,'Aquarius Naranja','0034',NULL),(56,2,'Aquarius Manzana','0295','Postre artesanal'),(57,2,'Aquarius Pomelo','0938','Plato principal casero'),(58,2,'Powerade Frutos Tropicales','0016',NULL),(59,2,'Coca Zero','0496','Postre artesanal'),(60,2,'Sprite Zero','0701','Acompañamiento clásico'),(61,2,'Aquarius Pera','0212','Postre artesanal'),(62,2,'Agua con gas','0070','Café o infusión caliente'),(63,2,'Sprite','0453','Café o infusión caliente'),(64,2,'Coca Light','0894','Bebida fría'),(65,2,'Coca Cola','0014','Plato principal casero'),(66,2,'Powerade Manzana','0540','Café o infusión caliente'),(67,2,'Cepita Kids Multifruta','0096','Ideal para la merienda'),(68,2,'Agua sin gas','0531','Acompañamiento clásico'),(69,2,'Cepita Kids Manzana','0053','Postre artesanal'),(70,2,'Patagonia lata 1/2','0469','Postre artesanal'),(71,2,'Limonada Frozen 500cc','0538','Ideal para la merienda'),(72,2,'Limonada Frozen 1L','0419',NULL),(73,2,'Jugo naranja exprimido 500cc','0447',NULL),(74,2,'Jugo naranja exprimido 280cc','0118','Postre artesanal'),(75,3,'Lágrima doble','0424','Plato principal casero'),(76,3,'Flat White descafeinado','0061','Bebida fría'),(77,3,'Café con leche descafeinado','0416','Postre artesanal'),(78,3,'Flat White','0619',NULL),(79,3,'Capuccino italiano','0428','Acompañamiento clásico'),(80,3,'Iced Macchiato','0515',NULL),(81,3,'Submarino','0634',NULL),(82,3,'Café con leche','0731','Plato principal casero'),(83,3,'Romas Vanilla Macchiato','0744','Ideal para la merienda'),(84,3,'Latte Macchiato','0987','Ideal para la merienda'),(85,3,'Maruja Caramel Latte','0507','Ideal para la merienda'),(86,3,'Té en hebras','0745','Acompañamiento clásico'),(87,4,'Roll canela','0492','Bebida fría'),(88,4,'Medialuna jamón y queso','0188','Ideal para la merienda'),(89,4,'Alfajor de almendras','0723','Café o infusión caliente'),(90,5,'Brownie St','0614','Postre artesanal'),(91,4,'Budín casero limón','0627',NULL),(92,4,'Alfajor de maicena Palta','0544',NULL),(93,4,'Alfajor sin TACC','0391',NULL),(94,4,'Alfajor choco & almendras','0821','Postre artesanal'),(95,4,'Chipá x4','0068','Café o infusión caliente'),(96,4,'Cookies Rocklets','0313','Acompañamiento clásico'),(97,4,'Crumble coco y ddl','0129','Acompañamiento clásico'),(98,4,'Scon dulce','0446','Acompañamiento clásico'),(99,4,'Crumble de manzana','0055',NULL),(100,4,'Alfajor de nuez','0218','Café o infusión caliente'),(101,4,'Scon de queso','0570','Bebida fría'),(102,4,'Medialuna de grasa','0150','Bebida fría'),(103,4,'Medialuna de manteca','0506','Plato principal casero'),(104,4,'Budín casero naranjas','0260','Plato principal casero'),(105,4,'Cookies Pepitos','0676','Postre artesanal'),(106,4,'Yogur con mix de frutos','0402','Bebida fría'),(107,4,'Chipá x2','0834','Bebida fría'),(108,4,'Crumble cookies pistacho','0127','Acompañamiento clásico'),(109,4,'Crumble frutos rojos','0877',NULL),(110,4,'Alfajor manteca Palta','0094','Bebida fría'),(111,4,'Alfajor cordobés Palta','0299','Postre artesanal'),(112,5,'Brownie chocolate','0362','Bebida fría'),(113,5,'Munchis frutilla','0926','Ideal para la merienda'),(114,5,'Munchis ddl','0727','Acompañamiento clásico'),(115,5,'Munchis crema','0181','Postre artesanal'),(116,5,'Lemon pie','0180','Ideal para la merienda'),(117,5,'Marquise','0633','Ideal para la merienda'),(118,5,'Choco Oreo','0673','Plato principal casero'),(119,5,'Torta Matilda','0786','Plato principal casero'),(120,5,'Torta almendras frutos rojos','0679','Bebida fría'),(121,5,'Carrot Cake','0103','Acompañamiento clásico'),(122,5,'Torta Rogel entera','0923','Plato principal casero'),(123,6,'Puré de manzana','0903','Acompañamiento clásico'),(124,6,'Verduritas salteadas','0503','Postre artesanal'),(125,6,'Batatas Caramel','0878','Postre artesanal'),(126,6,'Guarnición Point','0891','Postre artesanal'),(127,6,'Puré de batata','0855',NULL),(128,6,'Guarnición Palta','0660','Plato principal casero'),(129,6,'Arroz Pilaf','0361',NULL),(130,6,'Quinoa salteada','0486',NULL),(131,6,'Guarnición Caesar','0925','Bebida fría'),(132,6,'Espinacas a la crema','0794',NULL);
/*!40000 ALTER TABLE `producto` ENABLE KEYS */;
UNLOCK TABLES;

--
-- Table structure for table `stock`
--

DROP TABLE IF EXISTS `stock`;
/*!40101 SET @saved_cs_client     = @@character_set_client */;
/*!50503 SET character_set_client = utf8mb4 */;
CREATE TABLE `stock` (
  `id_producto` int(11) NOT NULL,
  `cantidad_actual` int(10) unsigned NOT NULL,
  `fecha_actualizacion` datetime NOT NULL,
  PRIMARY KEY (`id_producto`)
) ENGINE=InnoDB DEFAULT CHARSET=latin1;
/*!40101 SET character_set_client = @saved_cs_client */;

--
-- Dumping data for table `stock`
--

LOCK TABLES `stock` WRITE;
/*!40000 ALTER TABLE `stock` DISABLE KEYS */;
INSERT INTO `stock` VALUES (3,80,'2025-10-02 00:00:00'),(4,84,'2025-10-22 00:00:00'),(5,95,'2025-10-16 11:20:00'),(6,85,'2025-10-10 00:00:00'),(7,80,'2025-10-30 00:00:00'),(8,90,'2025-10-17 17:15:00'),(9,88,'2025-10-29 00:00:00'),(10,83,'2025-10-09 00:00:00'),(11,88,'2025-10-20 00:00:00'),(12,89,'2025-10-18 19:00:00'),(13,80,'2025-10-28 00:00:00'),(14,84,'2025-10-23 00:00:00'),(15,89,'2025-10-04 00:00:00'),(16,103,'2025-10-19 20:45:00'),(17,90,'2025-10-26 00:00:00'),(18,83,'2025-10-25 00:00:00'),(19,96,'2025-10-20 18:10:00'),(20,88,'2025-10-30 00:00:00'),(21,84,'2025-10-28 00:00:00'),(22,89,'2025-10-19 00:00:00'),(23,104,'2025-10-21 09:25:00'),(24,85,'2025-10-25 00:00:00'),(25,83,'2025-10-28 00:00:00'),(26,82,'2025-10-14 00:00:00'),(27,94,'2025-10-22 15:30:00'),(28,86,'2025-10-19 00:00:00'),(29,85,'2025-10-14 00:00:00'),(30,111,'2025-10-23 12:40:00');
/*!40000 ALTER TABLE `stock` ENABLE KEYS */;
UNLOCK TABLES;

--
-- Table structure for table `venta`
--

DROP TABLE IF EXISTS `venta`;
/*!40101 SET @saved_cs_client     = @@character_set_client */;
/*!50503 SET character_set_client = utf8mb4 */;
CREATE TABLE `venta` (
  `id_ticket` int(11) NOT NULL,
  `id_item_ticket` int(11) NOT NULL AUTO_INCREMENT,
  `id_producto` int(11) NOT NULL,
  `fecha` date NOT NULL,
  `hora` time NOT NULL,
  `id_franja` int(11) NOT NULL,
  `cantidad` decimal(10,0) NOT NULL,
  PRIMARY KEY (`id_item_ticket`),
  KEY `fk_ventas_producto` (`id_producto`),
  KEY `fk_ventas_franja` (`id_franja`),
  CONSTRAINT `fk_ventas_franja` FOREIGN KEY (`id_franja`) REFERENCES `franja_horaria` (`id_franja`),
  CONSTRAINT `fk_ventas_producto` FOREIGN KEY (`id_producto`) REFERENCES `producto` (`id_producto`)
) ENGINE=InnoDB AUTO_INCREMENT=1491 DEFAULT CHARSET=latin1;
/*!40101 SET character_set_client = @saved_cs_client */;

--
-- Dumping data for table `venta`
--

LOCK TABLES `venta` WRITE;
/*!40000 ALTER TABLE `venta` DISABLE KEYS */;
INSERT INTO `venta` VALUES (455,1,3,'2025-07-21','13:39:00',340,3),(455,2,37,'2025-07-21','13:39:00',340,1),(455,3,49,'2025-07-21','13:39:00',340,3),(455,4,70,'2025-07-21','13:39:00',340,3),(456,5,1,'2025-09-10','21:35:00',816,1),(456,6,8,'2025-09-10','21:35:00',816,1),(456,7,16,'2025-09-10','21:35:00',816,2),(457,8,13,'2025-08-16','11:49:00',230,2),(457,9,18,'2025-08-16','11:49:00',230,4),(457,10,26,'2025-08-16','11:49:00',230,1),(457,11,106,'2025-08-16','11:49:00',230,1),(457,12,131,'2025-08-16','11:49:00',230,3),(458,13,28,'2025-08-31','17:59:00',600,4),(458,14,70,'2025-08-31','17:59:00',600,1),(458,15,90,'2025-08-31','17:59:00',600,2),(458,16,93,'2025-08-31','17:59:00',600,4),(458,17,100,'2025-08-31','17:59:00',600,3),(459,18,8,'2025-07-14','09:50:00',111,2),(459,19,34,'2025-07-14','09:50:00',111,2),(460,20,16,'2025-07-19','12:12:00',253,3),(460,21,95,'2025-07-19','12:12:00',253,3),(460,22,97,'2025-07-19','12:12:00',253,2),(460,23,117,'2025-07-19','12:12:00',253,4),(461,24,11,'2025-08-23','11:20:00',201,3),(461,25,39,'2025-08-23','11:20:00',201,3),(461,26,98,'2025-08-23','11:20:00',201,3),(461,27,117,'2025-08-23','11:20:00',201,1),(462,28,11,'2025-08-17','21:49:00',830,3),(463,29,28,'2025-09-11','17:39:00',580,4),(463,30,51,'2025-09-11','17:39:00',580,2),(463,31,101,'2025-09-11','17:39:00',580,3),(463,32,109,'2025-09-11','17:39:00',580,4),(464,33,65,'2025-08-03','14:48:00',409,2),(465,34,2,'2025-07-18','22:27:00',868,1),(466,35,89,'2025-07-12','18:28:00',629,1),(467,36,8,'2025-09-05','18:31:00',632,3),(468,37,96,'2025-09-25','15:33:00',454,4),(469,38,81,'2025-07-10','20:12:00',733,2),(469,39,87,'2025-07-10','20:12:00',733,3),(469,40,92,'2025-07-10','20:12:00',733,2),(469,41,113,'2025-07-10','20:12:00',733,3),(470,42,39,'2025-08-20','13:05:00',306,2),(470,43,50,'2025-08-20','13:05:00',306,1),(470,44,90,'2025-08-20','13:05:00',306,3),(470,45,114,'2025-08-20','13:05:00',306,4),(471,46,83,'2025-08-08','09:48:00',109,4),(471,47,121,'2025-08-08','09:48:00',109,4),(472,48,53,'2025-08-01','19:44:00',705,3),(472,49,55,'2025-08-01','19:44:00',705,3),(472,50,68,'2025-08-01','19:44:00',705,1),(472,51,84,'2025-08-01','19:44:00',705,4),(473,52,119,'2025-07-26','18:28:00',629,4),(474,53,28,'2025-08-27','23:55:00',956,3),(474,54,93,'2025-08-27','23:55:00',956,4),(475,55,63,'2025-08-16','12:27:00',268,1),(475,56,78,'2025-08-16','12:27:00',268,1),(475,57,94,'2025-08-16','12:27:00',268,1),(475,58,95,'2025-08-16','12:27:00',268,3),(476,59,6,'2025-08-26','21:26:00',807,1),(476,60,36,'2025-08-26','21:26:00',807,1),(476,61,44,'2025-08-26','21:26:00',807,1),(476,62,69,'2025-08-26','21:26:00',807,4),(476,63,79,'2025-08-26','21:26:00',807,1),(477,64,101,'2025-07-09','21:51:00',832,3),(477,65,108,'2025-07-09','21:51:00',832,4),(477,66,115,'2025-07-09','21:51:00',832,2),(478,67,2,'2025-08-10','23:08:00',909,1),(478,68,35,'2025-08-10','23:08:00',909,1),(478,69,37,'2025-08-10','23:08:00',909,4),(478,70,78,'2025-08-10','23:08:00',909,4),(478,71,111,'2025-08-10','23:08:00',909,4),(479,72,61,'2025-09-10','10:21:00',142,4),(479,73,70,'2025-09-10','10:21:00',142,4),(479,74,83,'2025-09-10','10:21:00',142,3),(480,75,17,'2025-09-11','17:51:00',592,1),(480,76,60,'2025-09-11','17:51:00',592,4),(480,77,63,'2025-09-11','17:51:00',592,2),(480,78,94,'2025-09-11','17:51:00',592,3),(480,79,97,'2025-09-11','17:51:00',592,3),(481,80,1,'2025-08-07','19:28:00',689,2),(481,81,2,'2025-08-07','19:28:00',689,4),(481,82,54,'2025-08-07','19:28:00',689,3),(482,83,33,'2025-09-02','09:12:00',73,4),(483,84,5,'2025-07-31','14:03:00',364,1),(483,85,28,'2025-07-31','14:03:00',364,4),(483,86,96,'2025-07-31','14:03:00',364,3),(484,87,93,'2025-07-09','16:47:00',528,4),(485,88,7,'2025-09-15','18:01:00',602,1),(485,89,51,'2025-09-15','18:01:00',602,4),(485,90,58,'2025-09-15','18:01:00',602,4),(486,91,14,'2025-08-04','21:21:00',802,1),(486,92,58,'2025-08-04','21:21:00',802,1),(486,93,111,'2025-08-04','21:21:00',802,1),(486,94,120,'2025-08-04','21:21:00',802,1),(487,95,30,'2025-08-10','11:22:00',203,2),(487,96,44,'2025-08-10','11:22:00',203,1),(487,97,47,'2025-08-10','11:22:00',203,3),(488,98,3,'2025-07-25','22:21:00',862,3),(488,99,35,'2025-07-25','22:21:00',862,2),(488,100,37,'2025-07-25','22:21:00',862,1),(488,101,103,'2025-07-25','22:21:00',862,1),(488,102,111,'2025-07-25','22:21:00',862,3),(489,103,44,'2025-07-12','09:52:00',113,4),(489,104,52,'2025-07-12','09:52:00',113,3),(489,105,54,'2025-07-12','09:52:00',113,1),(489,106,116,'2025-07-12','09:52:00',113,1),(490,107,1,'2025-07-04','16:18:00',499,3),(490,108,27,'2025-07-04','16:18:00',499,3),(490,109,79,'2025-07-04','16:18:00',499,2),(490,110,102,'2025-07-04','16:18:00',499,1),(491,111,115,'2025-07-11','16:31:00',512,1),(492,112,10,'2025-09-20','18:31:00',632,4),(492,113,15,'2025-09-20','18:31:00',632,4),(492,114,94,'2025-09-20','18:31:00',632,4),(492,115,100,'2025-09-20','18:31:00',632,2),(493,116,35,'2025-07-02','16:31:00',512,3),(494,117,50,'2025-07-19','20:30:00',751,2),(494,118,112,'2025-07-19','20:30:00',751,2),(494,119,120,'2025-07-19','20:30:00',751,4),(495,120,15,'2025-07-09','13:39:00',340,2),(495,121,21,'2025-07-09','13:39:00',340,2),(495,122,53,'2025-07-09','13:39:00',340,1),(495,123,120,'2025-07-09','13:39:00',340,3),(495,124,122,'2025-07-09','13:39:00',340,3),(496,125,104,'2025-08-26','10:43:00',164,2),(497,126,76,'2025-09-25','22:55:00',896,2),(498,127,10,'2025-09-21','15:44:00',465,1),(498,128,28,'2025-09-21','15:44:00',465,2),(498,129,48,'2025-09-21','15:44:00',465,2),(499,130,40,'2025-08-16','10:13:00',134,4),(499,131,114,'2025-08-16','10:13:00',134,1),(500,132,5,'2025-09-02','15:32:00',453,1),(500,133,6,'2025-09-02','15:32:00',453,1),(500,134,21,'2025-09-02','15:32:00',453,2),(500,135,96,'2025-09-02','15:32:00',453,4),(500,136,103,'2025-09-02','15:32:00',453,3),(501,137,60,'2025-08-25','19:42:00',703,4),(501,138,68,'2025-08-25','19:42:00',703,4),(501,139,69,'2025-08-25','19:42:00',703,4),(501,140,82,'2025-08-25','19:42:00',703,4),(501,141,97,'2025-08-25','19:42:00',703,2),(502,142,62,'2025-07-08','19:52:00',713,4),(502,143,68,'2025-07-08','19:52:00',713,2),(503,144,26,'2025-08-20','17:59:00',600,4),(504,145,39,'2025-07-17','17:08:00',549,3),(504,146,88,'2025-07-17','17:08:00',549,3),(504,147,107,'2025-07-17','17:08:00',549,4),(505,148,92,'2025-09-19','18:48:00',649,1),(505,149,99,'2025-09-19','18:48:00',649,3),(506,150,83,'2025-07-18','15:59:00',480,3),(507,151,98,'2025-08-20','12:47:00',288,1),(508,152,34,'2025-09-05','11:23:00',204,2),(508,153,79,'2025-09-05','11:23:00',204,4),(508,154,87,'2025-09-05','11:23:00',204,1),(508,155,93,'2025-09-05','11:23:00',204,3),(508,156,97,'2025-09-05','11:23:00',204,4),(509,157,1,'2025-07-26','13:50:00',351,3),(509,158,91,'2025-07-26','13:50:00',351,2),(509,159,113,'2025-07-26','13:50:00',351,1),(510,160,123,'2025-08-21','22:00:00',841,2),(511,161,91,'2025-08-31','12:32:00',273,3),(511,162,110,'2025-08-31','12:32:00',273,2),(511,163,112,'2025-08-31','12:32:00',273,3),(512,164,44,'2025-08-04','09:11:00',72,4),(512,165,47,'2025-08-04','09:11:00',72,2),(512,166,60,'2025-08-04','09:11:00',72,3),(512,167,68,'2025-08-04','09:11:00',72,4),(512,168,106,'2025-08-04','09:11:00',72,1),(513,169,27,'2025-08-21','20:45:00',766,3),(513,170,90,'2025-08-21','20:45:00',766,3),(514,171,31,'2025-08-11','23:57:00',958,1),(514,172,35,'2025-08-11','23:57:00',958,2),(514,173,38,'2025-08-11','23:57:00',958,3),(514,174,81,'2025-08-11','23:57:00',958,2),(514,175,118,'2025-08-11','23:57:00',958,4),(515,176,63,'2025-08-18','08:50:00',51,2),(515,177,80,'2025-08-18','08:50:00',51,4),(515,178,112,'2025-08-18','08:50:00',51,4),(516,179,3,'2025-07-27','17:32:00',573,1),(516,180,22,'2025-07-27','17:32:00',573,1),(516,181,30,'2025-07-27','17:32:00',573,2),(517,182,12,'2025-07-20','18:14:00',615,4),(517,183,34,'2025-07-20','18:14:00',615,1),(517,184,43,'2025-07-20','18:14:00',615,4),(517,185,51,'2025-07-20','18:14:00',615,1),(517,186,104,'2025-07-20','18:14:00',615,3),(518,187,52,'2025-08-14','10:37:00',158,1),(518,188,75,'2025-08-14','10:37:00',158,2),(518,189,97,'2025-08-14','10:37:00',158,2),(518,190,102,'2025-08-14','10:37:00',158,4),(519,191,41,'2025-08-05','13:24:00',325,2),(519,192,69,'2025-08-05','13:24:00',325,4),(519,193,83,'2025-08-05','13:24:00',325,2),(520,194,23,'2025-09-27','21:02:00',783,4),(521,195,45,'2025-07-21','14:18:00',379,2),(521,196,119,'2025-07-21','14:18:00',379,4),(522,197,58,'2025-09-24','15:43:00',464,1),(522,198,99,'2025-09-24','15:43:00',464,2),(522,199,126,'2025-09-24','15:43:00',464,2),(523,200,4,'2025-08-29','11:56:00',237,4),(523,201,6,'2025-08-29','11:56:00',237,4),(523,202,26,'2025-08-29','11:56:00',237,3),(523,203,84,'2025-08-29','11:56:00',237,2),(523,204,105,'2025-08-29','11:56:00',237,4),(524,205,81,'2025-07-10','10:23:00',144,1),(525,206,26,'2025-08-05','13:44:00',345,3),(525,207,52,'2025-08-05','13:44:00',345,2),(525,208,95,'2025-08-05','13:44:00',345,1),(526,209,62,'2025-08-31','12:52:00',293,2),(526,210,119,'2025-08-31','12:52:00',293,3),(526,211,123,'2025-08-31','12:52:00',293,1),(527,212,8,'2025-08-28','18:41:00',642,1),(527,213,40,'2025-08-28','18:41:00',642,2),(527,214,93,'2025-08-28','18:41:00',642,1),(527,215,116,'2025-08-28','18:41:00',642,3),(527,216,125,'2025-08-28','18:41:00',642,4),(528,217,8,'2025-09-11','22:11:00',852,1),(528,218,13,'2025-09-11','22:11:00',852,2),(528,219,55,'2025-09-11','22:11:00',852,2),(528,220,115,'2025-09-11','22:11:00',852,3),(529,221,9,'2025-07-03','17:52:00',593,2),(529,222,51,'2025-07-03','17:52:00',593,2),(529,223,60,'2025-07-03','17:52:00',593,1),(529,224,116,'2025-07-03','17:52:00',593,3),(529,225,126,'2025-07-03','17:52:00',593,1),(530,226,2,'2025-08-05','12:04:00',245,1),(530,227,3,'2025-08-05','12:04:00',245,2),(530,228,17,'2025-08-05','12:04:00',245,3),(530,229,48,'2025-08-05','12:04:00',245,3),(530,230,132,'2025-08-05','12:04:00',245,4),(531,231,9,'2025-08-12','19:12:00',673,2),(532,232,17,'2025-07-17','19:24:00',685,1),(532,233,68,'2025-07-17','19:24:00',685,1),(532,234,98,'2025-07-17','19:24:00',685,2),(532,235,110,'2025-07-17','19:24:00',685,3),(532,236,115,'2025-07-17','19:24:00',685,2),(533,237,31,'2025-08-09','16:23:00',504,2),(533,238,35,'2025-08-09','16:23:00',504,2),(533,239,70,'2025-08-09','16:23:00',504,3),(533,240,118,'2025-08-09','16:23:00',504,4),(534,241,15,'2025-09-11','09:47:00',108,1),(534,242,36,'2025-09-11','09:47:00',108,3),(534,243,67,'2025-09-11','09:47:00',108,3),(534,244,107,'2025-09-11','09:47:00',108,1),(535,245,5,'2025-08-19','17:48:00',589,3),(535,246,25,'2025-08-19','17:48:00',589,4),(535,247,32,'2025-08-19','17:48:00',589,1),(535,248,67,'2025-08-19','17:48:00',589,1),(536,249,79,'2025-09-18','15:09:00',430,3),(536,250,86,'2025-09-18','15:09:00',430,3),(536,251,120,'2025-09-18','15:09:00',430,3),(537,252,112,'2025-09-08','15:46:00',467,4),(538,253,60,'2025-09-25','20:52:00',773,3),(538,254,131,'2025-09-25','20:52:00',773,4),(539,255,1,'2025-07-24','21:21:00',802,1),(539,256,41,'2025-07-24','21:21:00',802,1),(539,257,74,'2025-07-24','21:21:00',802,1),(540,258,33,'2025-08-08','10:50:00',171,3),(541,259,6,'2025-08-19','21:17:00',798,4),(542,260,59,'2025-08-27','16:55:00',536,2),(542,261,75,'2025-08-27','16:55:00',536,2),(542,262,83,'2025-08-27','16:55:00',536,3),(542,263,89,'2025-08-27','16:55:00',536,1),(542,264,111,'2025-08-27','16:55:00',536,1),(543,265,43,'2025-08-21','10:34:00',155,3),(543,266,69,'2025-08-21','10:34:00',155,3),(543,267,128,'2025-08-21','10:34:00',155,4),(543,268,132,'2025-08-21','10:34:00',155,2),(544,269,17,'2025-09-04','16:39:00',520,4),(544,270,43,'2025-09-04','16:39:00',520,2),(544,271,67,'2025-09-04','16:39:00',520,3),(544,272,105,'2025-09-04','16:39:00',520,1),(544,273,119,'2025-09-04','16:39:00',520,4),(545,274,48,'2025-07-24','18:16:00',617,3),(545,275,65,'2025-07-24','18:16:00',617,1),(545,276,107,'2025-07-24','18:16:00',617,3),(545,277,118,'2025-07-24','18:16:00',617,3),(546,278,40,'2025-07-25','15:49:00',470,4),(546,279,57,'2025-07-25','15:49:00',470,3),(547,280,2,'2025-07-11','11:51:00',232,4),(548,281,33,'2025-09-13','09:04:00',65,4),(548,282,56,'2025-09-13','09:04:00',65,4),(548,283,58,'2025-09-13','09:04:00',65,2),(548,284,89,'2025-09-13','09:04:00',65,3),(548,285,127,'2025-09-13','09:04:00',65,4),(549,286,11,'2025-07-10','16:17:00',498,3),(549,287,69,'2025-07-10','16:17:00',498,3),(550,288,9,'2025-09-01','21:35:00',816,1),(550,289,20,'2025-09-01','21:35:00',816,3),(550,290,46,'2025-09-01','21:35:00',816,2),(550,291,99,'2025-09-01','21:35:00',816,4),(551,292,1,'2025-08-16','19:48:00',709,3),(551,293,65,'2025-08-16','19:48:00',709,3),(551,294,85,'2025-08-16','19:48:00',709,1),(552,295,10,'2025-09-17','21:50:00',831,1),(552,296,32,'2025-09-17','21:50:00',831,2),(552,297,35,'2025-09-17','21:50:00',831,4),(552,298,95,'2025-09-17','21:50:00',831,2),(553,299,85,'2025-08-30','14:46:00',407,4),(554,300,7,'2025-08-19','16:27:00',508,3),(554,301,45,'2025-08-19','16:27:00',508,3),(554,302,74,'2025-08-19','16:27:00',508,1),(554,303,77,'2025-08-19','16:27:00',508,2),(554,304,107,'2025-08-19','16:27:00',508,4),(555,305,43,'2025-08-05','13:44:00',345,4),(555,306,50,'2025-08-05','13:44:00',345,1),(555,307,75,'2025-08-05','13:44:00',345,1),(555,308,87,'2025-08-05','13:44:00',345,2),(555,309,103,'2025-08-05','13:44:00',345,1),(556,310,114,'2025-09-03','23:17:00',918,4),(557,311,132,'2025-07-28','18:56:00',657,4),(558,312,22,'2025-09-07','20:11:00',732,1),(558,313,62,'2025-09-07','20:11:00',732,4),(558,314,66,'2025-09-07','20:11:00',732,2),(559,315,53,'2025-08-13','13:39:00',340,1),(559,316,68,'2025-08-13','13:39:00',340,2),(559,317,96,'2025-08-13','13:39:00',340,1),(560,318,8,'2025-07-18','09:54:00',115,3),(560,319,14,'2025-07-18','09:54:00',115,3),(560,320,28,'2025-07-18','09:54:00',115,1),(560,321,41,'2025-07-18','09:54:00',115,2),(560,322,114,'2025-07-18','09:54:00',115,3),(561,323,14,'2025-07-24','17:13:00',554,3),(561,324,33,'2025-07-24','17:13:00',554,3),(562,325,7,'2025-07-22','23:02:00',903,3),(562,326,121,'2025-07-22','23:02:00',903,2),(563,327,57,'2025-09-15','16:17:00',498,2),(563,328,72,'2025-09-15','16:17:00',498,2),(563,329,111,'2025-09-15','16:17:00',498,4),(563,330,114,'2025-09-15','16:17:00',498,1),(563,331,118,'2025-09-15','16:17:00',498,4),(564,332,9,'2025-07-13','22:34:00',875,1),(564,333,84,'2025-07-13','22:34:00',875,1),(564,334,90,'2025-07-13','22:34:00',875,3),(564,335,97,'2025-07-13','22:34:00',875,2),(564,336,109,'2025-07-13','22:34:00',875,1),(565,337,49,'2025-07-07','10:22:00',143,4),(565,338,63,'2025-07-07','10:22:00',143,1),(566,339,30,'2025-08-17','20:26:00',747,1),(566,340,36,'2025-08-17','20:26:00',747,4),(566,341,46,'2025-08-17','20:26:00',747,2),(567,342,61,'2025-08-11','18:03:00',604,2),(568,343,14,'2025-08-18','14:20:00',381,4),(568,344,21,'2025-08-18','14:20:00',381,1),(568,345,48,'2025-08-18','14:20:00',381,4),(568,346,93,'2025-08-18','14:20:00',381,2),(568,347,125,'2025-08-18','14:20:00',381,4),(569,348,7,'2025-08-23','11:23:00',204,1),(569,349,10,'2025-08-23','11:23:00',204,1),(569,350,69,'2025-08-23','11:23:00',204,4),(569,351,115,'2025-08-23','11:23:00',204,4),(569,352,118,'2025-08-23','11:23:00',204,4),(570,353,5,'2025-08-15','14:02:00',363,1),(570,354,65,'2025-08-15','14:02:00',363,3),(570,355,73,'2025-08-15','14:02:00',363,4),(571,356,103,'2025-09-11','11:43:00',224,1),(571,357,115,'2025-09-11','11:43:00',224,1),(572,358,50,'2025-08-21','09:48:00',109,4),(573,359,62,'2025-07-06','18:50:00',651,1),(574,360,76,'2025-09-03','11:28:00',209,2),(574,361,81,'2025-09-03','11:28:00',209,1),(574,362,109,'2025-09-03','11:28:00',209,2),(575,363,34,'2025-08-08','19:07:00',668,2),(575,364,79,'2025-08-08','19:07:00',668,2),(575,365,111,'2025-08-08','19:07:00',668,4),(576,366,59,'2025-09-20','13:56:00',357,1),(576,367,74,'2025-09-20','13:56:00',357,4),(576,368,80,'2025-09-20','13:56:00',357,2),(576,369,115,'2025-09-20','13:56:00',357,1),(576,370,120,'2025-09-20','13:56:00',357,2),(577,371,59,'2025-07-08','14:20:00',381,3),(577,372,78,'2025-07-08','14:20:00',381,1),(577,373,103,'2025-07-08','14:20:00',381,4),(577,374,105,'2025-07-08','14:20:00',381,2),(577,375,107,'2025-07-08','14:20:00',381,1),(578,376,14,'2025-07-09','13:43:00',344,1),(579,377,5,'2025-09-03','15:22:00',443,1),(579,378,19,'2025-09-03','15:22:00',443,4),(579,379,38,'2025-09-03','15:22:00',443,4),(580,380,58,'2025-09-14','10:36:00',157,3),(580,381,64,'2025-09-14','10:36:00',157,3),(580,382,69,'2025-09-14','10:36:00',157,3),(580,383,83,'2025-09-14','10:36:00',157,3),(580,384,95,'2025-09-14','10:36:00',157,1),(581,385,55,'2025-09-19','09:55:00',116,1),(581,386,69,'2025-09-19','09:55:00',116,1),(581,387,82,'2025-09-19','09:55:00',116,2),(581,388,106,'2025-09-19','09:55:00',116,4),(582,389,21,'2025-08-13','22:28:00',869,2),(582,390,38,'2025-08-13','22:28:00',869,4),(582,391,69,'2025-08-13','22:28:00',869,1),(582,392,103,'2025-08-13','22:28:00',869,4),(582,393,124,'2025-08-13','22:28:00',869,4),(583,394,24,'2025-09-19','19:48:00',709,3),(583,395,27,'2025-09-19','19:48:00',709,3),(583,396,112,'2025-09-19','19:48:00',709,2),(584,397,67,'2025-08-04','22:02:00',843,3),(584,398,76,'2025-08-04','22:02:00',843,3),(584,399,98,'2025-08-04','22:02:00',843,4),(584,400,103,'2025-08-04','22:02:00',843,1),(584,401,111,'2025-08-04','22:02:00',843,3),(585,402,3,'2025-07-24','08:06:00',7,1),(585,403,27,'2025-07-24','08:06:00',7,4),(585,404,36,'2025-07-24','08:06:00',7,4),(585,405,39,'2025-07-24','08:06:00',7,3),(585,406,57,'2025-07-24','08:06:00',7,1),(586,407,61,'2025-09-05','22:59:00',900,2),(586,408,63,'2025-09-05','22:59:00',900,1),(586,409,118,'2025-09-05','22:59:00',900,2),(586,410,127,'2025-09-05','22:59:00',900,3),(587,411,55,'2025-09-01','08:09:00',10,1),(587,412,58,'2025-09-01','08:09:00',10,4),(587,413,95,'2025-09-01','08:09:00',10,4),(587,414,118,'2025-09-01','08:09:00',10,1),(587,415,119,'2025-09-01','08:09:00',10,1),(588,416,99,'2025-08-12','12:55:00',296,3),(589,417,33,'2025-08-20','21:46:00',827,4),(589,418,48,'2025-08-20','21:46:00',827,3),(589,419,66,'2025-08-20','21:46:00',827,1),(589,420,103,'2025-08-20','21:46:00',827,2),(590,421,19,'2025-07-17','10:54:00',175,3),(591,422,60,'2025-07-13','16:29:00',510,4),(592,423,64,'2025-07-30','19:57:00',718,4),(592,424,82,'2025-07-30','19:57:00',718,1),(592,425,99,'2025-07-30','19:57:00',718,4),(592,426,103,'2025-07-30','19:57:00',718,4),(592,427,105,'2025-07-30','19:57:00',718,3),(593,428,11,'2025-08-11','15:28:00',449,2),(593,429,37,'2025-08-11','15:28:00',449,1),(593,430,75,'2025-08-11','15:28:00',449,1),(594,431,55,'2025-09-07','11:45:00',226,1),(595,432,35,'2025-08-28','15:10:00',431,4),(595,433,95,'2025-08-28','15:10:00',431,3),(595,434,97,'2025-08-28','15:10:00',431,2),(596,435,73,'2025-07-28','13:38:00',339,1),(597,436,8,'2025-09-04','12:07:00',248,3),(597,437,14,'2025-09-04','12:07:00',248,2),(597,438,25,'2025-09-04','12:07:00',248,3),(597,439,26,'2025-09-04','12:07:00',248,2),(597,440,106,'2025-09-04','12:07:00',248,3),(598,441,33,'2025-08-18','11:26:00',207,4),(598,442,42,'2025-08-18','11:26:00',207,4),(598,443,70,'2025-08-18','11:26:00',207,3),(598,444,109,'2025-08-18','11:26:00',207,4),(599,445,5,'2025-09-05','16:13:00',494,2),(599,446,28,'2025-09-05','16:13:00',494,3),(599,447,29,'2025-09-05','16:13:00',494,1),(599,448,49,'2025-09-05','16:13:00',494,1),(599,449,132,'2025-09-05','16:13:00',494,1),(600,450,6,'2025-08-29','12:06:00',247,4),(600,451,9,'2025-08-29','12:06:00',247,1),(600,452,50,'2025-08-29','12:06:00',247,1),(601,453,48,'2025-09-05','16:53:00',534,3),(601,454,53,'2025-09-05','16:53:00',534,4),(602,455,43,'2025-09-29','21:40:00',821,4),(603,456,41,'2025-07-01','18:02:00',603,2),(604,457,30,'2025-08-05','19:57:00',718,3),(604,458,46,'2025-08-05','19:57:00',718,3),(604,459,52,'2025-08-05','19:57:00',718,2),(604,460,65,'2025-08-05','19:57:00',718,1),(604,461,123,'2025-08-05','19:57:00',718,4),(605,462,2,'2025-09-18','20:30:00',751,2),(605,463,104,'2025-09-18','20:30:00',751,2),(606,464,19,'2025-08-07','10:07:00',128,1),(606,465,35,'2025-08-07','10:07:00',128,4),(606,466,41,'2025-08-07','10:07:00',128,3),(606,467,88,'2025-08-07','10:07:00',128,1),(606,468,94,'2025-08-07','10:07:00',128,4),(607,469,87,'2025-09-16','11:04:00',185,3),(608,470,54,'2025-09-17','19:36:00',697,4),(608,471,90,'2025-09-17','19:36:00',697,2),(609,472,84,'2025-07-09','08:50:00',51,4),(610,473,73,'2025-07-06','14:44:00',405,2),(610,474,76,'2025-07-06','14:44:00',405,3),(610,475,95,'2025-07-06','14:44:00',405,3),(610,476,118,'2025-07-06','14:44:00',405,2),(610,477,120,'2025-07-06','14:44:00',405,2),(611,478,29,'2025-07-07','21:33:00',814,1),(611,479,92,'2025-07-07','21:33:00',814,2),(611,480,98,'2025-07-07','21:33:00',814,3),(612,481,33,'2025-09-08','11:21:00',202,3),(612,482,45,'2025-09-08','11:21:00',202,4),(612,483,62,'2025-09-08','11:21:00',202,1),(612,484,108,'2025-09-08','11:21:00',202,4),(613,485,19,'2025-07-29','23:11:00',912,4),(613,486,29,'2025-07-29','23:11:00',912,4),(613,487,38,'2025-07-29','23:11:00',912,1),(613,488,117,'2025-07-29','23:11:00',912,1),(614,489,16,'2025-08-30','11:40:00',221,1),(614,490,30,'2025-08-30','11:40:00',221,1),(614,491,63,'2025-08-30','11:40:00',221,2),(615,492,76,'2025-07-08','23:41:00',942,2),(615,493,79,'2025-07-08','23:41:00',942,3),(615,494,95,'2025-07-08','23:41:00',942,4),(616,495,18,'2025-07-30','18:07:00',608,2),(616,496,88,'2025-07-30','18:07:00',608,1),(616,497,94,'2025-07-30','18:07:00',608,1),(616,498,127,'2025-07-30','18:07:00',608,3),(617,499,56,'2025-09-26','11:16:00',197,2),(617,500,59,'2025-09-26','11:16:00',197,4),(617,501,73,'2025-09-26','11:16:00',197,1),(617,502,86,'2025-09-26','11:16:00',197,3),(617,503,98,'2025-09-26','11:16:00',197,1),(618,504,100,'2025-08-27','20:35:00',756,1),(619,505,9,'2025-09-21','14:30:00',391,3),(619,506,56,'2025-09-21','14:30:00',391,1),(619,507,63,'2025-09-21','14:30:00',391,2),(619,508,128,'2025-09-21','14:30:00',391,4),(620,509,42,'2025-09-18','17:39:00',580,3),(620,510,66,'2025-09-18','17:39:00',580,4),(621,511,13,'2025-07-23','10:08:00',129,1),(621,512,36,'2025-07-23','10:08:00',129,4),(621,513,94,'2025-07-23','10:08:00',129,4),(621,514,103,'2025-07-23','10:08:00',129,1),(622,515,38,'2025-09-13','10:44:00',165,2),(622,516,50,'2025-09-13','10:44:00',165,2),(622,517,72,'2025-09-13','10:44:00',165,2),(622,518,73,'2025-09-13','10:44:00',165,2),(622,519,126,'2025-09-13','10:44:00',165,2),(623,520,14,'2025-09-14','12:27:00',268,2),(623,521,106,'2025-09-14','12:27:00',268,2),(624,522,61,'2025-07-09','12:03:00',244,2),(624,523,132,'2025-07-09','12:03:00',244,2),(625,524,17,'2025-07-07','13:11:00',312,3),(626,525,102,'2025-08-27','15:37:00',458,2),(627,526,53,'2025-08-17','21:05:00',786,3),(627,527,82,'2025-08-17','21:05:00',786,1),(628,528,43,'2025-08-31','14:46:00',407,4),(628,529,109,'2025-08-31','14:46:00',407,1),(628,530,125,'2025-08-31','14:46:00',407,1),(629,531,17,'2025-07-08','23:58:00',959,1),(630,532,5,'2025-09-28','16:47:00',528,3),(630,533,105,'2025-09-28','16:47:00',528,4),(630,534,108,'2025-09-28','16:47:00',528,3),(631,535,86,'2025-09-01','21:30:00',811,4),(632,536,24,'2025-08-14','16:40:00',521,1),(632,537,67,'2025-08-14','16:40:00',521,3),(632,538,118,'2025-08-14','16:40:00',521,4),(633,539,10,'2025-07-18','15:29:00',450,4),(633,540,24,'2025-07-18','15:29:00',450,1),(633,541,47,'2025-07-18','15:29:00',450,1),(633,542,85,'2025-07-18','15:29:00',450,2),(633,543,114,'2025-07-18','15:29:00',450,2),(634,544,49,'2025-09-23','14:37:00',398,1),(634,545,59,'2025-09-23','14:37:00',398,1),(635,546,3,'2025-07-15','19:24:00',685,2),(635,547,12,'2025-07-15','19:24:00',685,1),(635,548,99,'2025-07-15','19:24:00',685,4),(636,549,35,'2025-08-23','16:02:00',483,2),(636,550,39,'2025-08-23','16:02:00',483,1),(636,551,62,'2025-08-23','16:02:00',483,4),(636,552,93,'2025-08-23','16:02:00',483,3),(637,553,18,'2025-08-17','08:43:00',44,3),(637,554,87,'2025-08-17','08:43:00',44,1),(637,555,129,'2025-08-17','08:43:00',44,3),(638,556,35,'2025-07-19','20:49:00',770,3),(639,557,98,'2025-09-27','23:09:00',910,1),(639,558,112,'2025-09-27','23:09:00',910,3),(640,559,31,'2025-07-21','20:02:00',723,2),(640,560,76,'2025-07-21','20:02:00',723,3),(641,561,79,'2025-09-10','10:52:00',173,3),(641,562,86,'2025-09-10','10:52:00',173,2),(641,563,88,'2025-09-10','10:52:00',173,2),(642,564,36,'2025-07-25','13:07:00',308,4),(642,565,41,'2025-07-25','13:07:00',308,4),(642,566,64,'2025-07-25','13:07:00',308,1),(642,567,103,'2025-07-25','13:07:00',308,3),(642,568,104,'2025-07-25','13:07:00',308,4),(643,569,24,'2025-08-10','08:01:00',2,2),(643,570,71,'2025-08-10','08:01:00',2,1),(643,571,100,'2025-08-10','08:01:00',2,2),(643,572,112,'2025-08-10','08:01:00',2,1),(644,573,15,'2025-09-08','13:34:00',335,2),(645,574,3,'2025-09-18','08:13:00',14,3),(645,575,7,'2025-09-18','08:13:00',14,1),(645,576,99,'2025-09-18','08:13:00',14,3),(645,577,116,'2025-09-18','08:13:00',14,4),(645,578,123,'2025-09-18','08:13:00',14,2),(646,579,75,'2025-07-16','15:22:00',443,2),(646,580,89,'2025-07-16','15:22:00',443,3),(646,581,93,'2025-07-16','15:22:00',443,2),(646,582,102,'2025-07-16','15:22:00',443,4),(646,583,105,'2025-07-16','15:22:00',443,3),(647,584,14,'2025-07-12','20:22:00',743,3),(647,585,53,'2025-07-12','20:22:00',743,1),(647,586,88,'2025-07-12','20:22:00',743,2),(648,587,46,'2025-08-24','22:11:00',852,1),(648,588,50,'2025-08-24','22:11:00',852,3),(648,589,91,'2025-08-24','22:11:00',852,4),(648,590,108,'2025-08-24','22:11:00',852,2),(649,591,1,'2025-09-27','08:53:00',54,1),(649,592,35,'2025-09-27','08:53:00',54,2),(649,593,38,'2025-09-27','08:53:00',54,2),(649,594,88,'2025-09-27','08:53:00',54,2),(649,595,92,'2025-09-27','08:53:00',54,3),(650,596,73,'2025-09-10','10:58:00',179,4),(650,597,86,'2025-09-10','10:58:00',179,4),(650,598,106,'2025-09-10','10:58:00',179,3),(650,599,123,'2025-09-10','10:58:00',179,1),(650,600,129,'2025-09-10','10:58:00',179,1),(651,601,97,'2025-09-15','18:38:00',639,4),(651,602,111,'2025-09-15','18:38:00',639,3),(651,603,118,'2025-09-15','18:38:00',639,1),(652,604,40,'2025-07-04','15:08:00',429,3),(652,605,55,'2025-07-04','15:08:00',429,4),(652,606,73,'2025-07-04','15:08:00',429,3),(652,607,130,'2025-07-04','15:08:00',429,1),(653,608,73,'2025-07-20','09:33:00',94,4),(653,609,83,'2025-07-20','09:33:00',94,2),(654,610,19,'2025-08-26','09:10:00',71,1),(654,611,64,'2025-08-26','09:10:00',71,3),(654,612,88,'2025-08-26','09:10:00',71,3),(654,613,103,'2025-08-26','09:10:00',71,1),(654,614,113,'2025-08-26','09:10:00',71,3),(655,615,47,'2025-09-23','10:18:00',139,3),(655,616,51,'2025-09-23','10:18:00',139,3),(655,617,83,'2025-09-23','10:18:00',139,2),(656,618,49,'2025-08-16','19:48:00',709,3),(656,619,61,'2025-08-16','19:48:00',709,1),(657,620,106,'2025-08-02','19:35:00',696,2),(657,621,115,'2025-08-02','19:35:00',696,4),(658,622,99,'2025-07-31','12:34:00',275,2),(659,623,58,'2025-08-01','10:41:00',162,1),(659,624,83,'2025-08-01','10:41:00',162,3),(659,625,85,'2025-08-01','10:41:00',162,4),(659,626,119,'2025-08-01','10:41:00',162,2),(660,627,28,'2025-08-22','08:17:00',18,1),(661,628,49,'2025-07-14','23:02:00',903,3),(661,629,68,'2025-07-14','23:02:00',903,4),(661,630,100,'2025-07-14','23:02:00',903,2),(662,631,34,'2025-09-06','15:57:00',478,1),(662,632,42,'2025-09-06','15:57:00',478,2),(662,633,45,'2025-09-06','15:57:00',478,2),(663,634,39,'2025-09-11','10:12:00',133,2),(663,635,121,'2025-09-11','10:12:00',133,2),(664,636,28,'2025-07-26','22:34:00',875,3),(664,637,81,'2025-07-26','22:34:00',875,3),(665,638,66,'2025-07-28','22:50:00',891,4),(665,639,76,'2025-07-28','22:50:00',891,4),(665,640,107,'2025-07-28','22:50:00',891,4),(665,641,117,'2025-07-28','22:50:00',891,1),(665,642,121,'2025-07-28','22:50:00',891,4),(666,643,76,'2025-09-20','12:46:00',287,4),(666,644,98,'2025-09-20','12:46:00',287,2),(666,645,113,'2025-09-20','12:46:00',287,2),(667,646,65,'2025-07-16','10:18:00',139,3),(667,647,77,'2025-07-16','10:18:00',139,3),(667,648,101,'2025-07-16','10:18:00',139,1),(667,649,104,'2025-07-16','10:18:00',139,4),(668,650,16,'2025-08-10','19:09:00',670,3),(668,651,60,'2025-08-10','19:09:00',670,2),(668,652,63,'2025-08-10','19:09:00',670,4),(668,653,107,'2025-08-10','19:09:00',670,3),(669,654,66,'2025-07-20','22:07:00',848,3),(669,655,84,'2025-07-20','22:07:00',848,4),(669,656,86,'2025-07-20','22:07:00',848,4),(669,657,87,'2025-07-20','22:07:00',848,2),(670,658,10,'2025-09-20','11:07:00',188,1),(671,659,34,'2025-07-23','21:13:00',794,2),(671,660,43,'2025-07-23','21:13:00',794,4),(671,661,81,'2025-07-23','21:13:00',794,1),(672,662,120,'2025-07-15','23:46:00',947,4),(673,663,48,'2025-08-26','20:23:00',744,4),(673,664,101,'2025-08-26','20:23:00',744,3),(674,665,2,'2025-07-16','23:09:00',910,2),(674,666,82,'2025-07-16','23:09:00',910,4),(674,667,104,'2025-07-16','23:09:00',910,4),(675,668,23,'2025-08-28','09:48:00',109,1),(675,669,67,'2025-08-28','09:48:00',109,4),(675,670,94,'2025-08-28','09:48:00',109,2),(676,671,75,'2025-07-21','14:43:00',404,1),(676,672,102,'2025-07-21','14:43:00',404,3),(677,673,5,'2025-07-09','18:27:00',628,2),(677,674,60,'2025-07-09','18:27:00',628,2),(677,675,73,'2025-07-09','18:27:00',628,2),(677,676,96,'2025-07-09','18:27:00',628,2),(677,677,131,'2025-07-09','18:27:00',628,2),(678,678,61,'2025-08-28','18:13:00',614,2),(678,679,62,'2025-08-28','18:13:00',614,4),(678,680,99,'2025-08-28','18:13:00',614,3),(679,681,106,'2025-09-04','11:45:00',226,4),(679,682,119,'2025-09-04','11:45:00',226,1),(680,683,7,'2025-08-21','18:25:00',626,1),(680,684,55,'2025-08-21','18:25:00',626,2),(680,685,77,'2025-08-21','18:25:00',626,1),(681,686,5,'2025-07-19','16:35:00',516,2),(681,687,6,'2025-07-19','16:35:00',516,1),(681,688,49,'2025-07-19','16:35:00',516,1),(681,689,66,'2025-07-19','16:35:00',516,3),(681,690,132,'2025-07-19','16:35:00',516,1),(682,691,1,'2025-09-05','10:23:00',144,2),(682,692,60,'2025-09-05','10:23:00',144,3),(682,693,65,'2025-09-05','10:23:00',144,2),(682,694,77,'2025-09-05','10:23:00',144,3),(683,695,56,'2025-09-29','21:14:00',795,1),(684,696,70,'2025-07-28','22:22:00',863,1),(684,697,77,'2025-07-28','22:22:00',863,3),(684,698,86,'2025-07-28','22:22:00',863,3),(685,699,19,'2025-09-08','20:26:00',747,3),(685,700,33,'2025-09-08','20:26:00',747,1),(686,701,116,'2025-09-28','18:53:00',654,2),(686,702,117,'2025-09-28','18:53:00',654,4),(687,703,63,'2025-09-22','16:12:00',493,1),(688,704,53,'2025-09-11','16:54:00',535,3),(689,705,72,'2025-08-04','09:26:00',87,1),(690,706,47,'2025-08-21','21:04:00',785,3),(690,707,60,'2025-08-21','21:04:00',785,4),(690,708,104,'2025-08-21','21:04:00',785,4),(690,709,109,'2025-08-21','21:04:00',785,1),(691,710,64,'2025-07-03','20:57:00',778,3),(691,711,78,'2025-07-03','20:57:00',778,3),(691,712,82,'2025-07-03','20:57:00',778,2),(691,713,86,'2025-07-03','20:57:00',778,3),(691,714,110,'2025-07-03','20:57:00',778,4),(692,715,10,'2025-07-16','14:53:00',414,1),(692,716,46,'2025-07-16','14:53:00',414,3),(692,717,58,'2025-07-16','14:53:00',414,3),(692,718,123,'2025-07-16','14:53:00',414,3),(693,719,48,'2025-08-02','14:49:00',410,3),(693,720,98,'2025-08-02','14:49:00',410,3),(694,721,67,'2025-09-15','22:58:00',899,3),(694,722,73,'2025-09-15','22:58:00',899,1),(694,723,98,'2025-09-15','22:58:00',899,4),(694,724,103,'2025-09-15','22:58:00',899,3),(694,725,114,'2025-09-15','22:58:00',899,3),(695,726,106,'2025-09-11','14:50:00',411,1),(696,727,124,'2025-07-10','15:55:00',476,1),(697,728,13,'2025-07-06','15:44:00',465,1),(697,729,23,'2025-07-06','15:44:00',465,1),(697,730,52,'2025-07-06','15:44:00',465,2),(697,731,100,'2025-07-06','15:44:00',465,4),(698,732,24,'2025-09-24','09:05:00',66,3),(699,733,43,'2025-08-25','13:17:00',318,1),(699,734,84,'2025-08-25','13:17:00',318,3),(699,735,94,'2025-08-25','13:17:00',318,3),(699,736,128,'2025-08-25','13:17:00',318,3),(699,737,131,'2025-08-25','13:17:00',318,1),(700,738,23,'2025-07-02','16:27:00',508,2),(700,739,74,'2025-07-02','16:27:00',508,4),(701,740,35,'2025-08-20','17:03:00',544,4),(701,741,43,'2025-08-20','17:03:00',544,1),(701,742,104,'2025-08-20','17:03:00',544,2),(701,743,108,'2025-08-20','17:03:00',544,3),(702,744,76,'2025-08-10','16:20:00',501,4),(702,745,86,'2025-08-10','16:20:00',501,3),(702,746,102,'2025-08-10','16:20:00',501,1),(703,747,66,'2025-07-11','20:32:00',753,2),(703,748,79,'2025-07-11','20:32:00',753,3),(703,749,96,'2025-07-11','20:32:00',753,4),(703,750,100,'2025-07-11','20:32:00',753,4),(704,751,60,'2025-07-16','12:48:00',289,2),(704,752,124,'2025-07-16','12:48:00',289,4),(705,753,5,'2025-08-10','22:13:00',854,4),(706,754,57,'2025-07-28','20:49:00',770,3),(707,755,11,'2025-07-27','21:56:00',837,1),(707,756,52,'2025-07-27','21:56:00',837,2),(707,757,79,'2025-07-27','21:56:00',837,4),(707,758,91,'2025-07-27','21:56:00',837,2),(708,759,22,'2025-07-28','14:41:00',402,1),(708,760,69,'2025-07-28','14:41:00',402,2),(708,761,96,'2025-07-28','14:41:00',402,3),(708,762,111,'2025-07-28','14:41:00',402,1),(708,763,121,'2025-07-28','14:41:00',402,4),(709,764,36,'2025-08-29','15:21:00',442,3),(709,765,62,'2025-08-29','15:21:00',442,3),(709,766,82,'2025-08-29','15:21:00',442,1),(709,767,87,'2025-08-29','15:21:00',442,2),(710,768,3,'2025-09-30','08:23:00',24,1),(710,769,129,'2025-09-30','08:23:00',24,2),(711,770,117,'2025-09-27','21:34:00',815,2),(712,771,13,'2025-08-20','11:24:00',205,1),(712,772,54,'2025-08-20','11:24:00',205,4),(712,773,75,'2025-08-20','11:24:00',205,2),(712,774,128,'2025-08-20','11:24:00',205,3),(713,775,68,'2025-09-28','12:29:00',270,2),(713,776,77,'2025-09-28','12:29:00',270,4),(713,777,84,'2025-09-28','12:29:00',270,3),(713,778,109,'2025-09-28','12:29:00',270,3),(714,779,35,'2025-07-02','19:23:00',684,4),(714,780,62,'2025-07-02','19:23:00',684,4),(714,781,86,'2025-07-02','19:23:00',684,4),(715,782,125,'2025-09-18','12:03:00',244,2),(716,783,84,'2025-07-13','09:38:00',99,1),(716,784,111,'2025-07-13','09:38:00',99,1),(717,785,5,'2025-09-22','10:54:00',175,2),(717,786,8,'2025-09-22','10:54:00',175,3),(717,787,45,'2025-09-22','10:54:00',175,3),(717,788,89,'2025-09-22','10:54:00',175,3),(718,789,41,'2025-09-28','10:20:00',141,4),(718,790,54,'2025-09-28','10:20:00',141,2),(719,791,48,'2025-08-12','18:19:00',620,3),(719,792,52,'2025-08-12','18:19:00',620,3),(719,793,53,'2025-08-12','18:19:00',620,2),(719,794,81,'2025-08-12','18:19:00',620,4),(720,795,46,'2025-08-07','14:25:00',386,1),(720,796,82,'2025-08-07','14:25:00',386,3),(720,797,84,'2025-08-07','14:25:00',386,2),(720,798,99,'2025-08-07','14:25:00',386,2),(721,799,32,'2025-07-10','19:00:00',661,4),(721,800,37,'2025-07-10','19:00:00',661,4),(722,801,9,'2025-07-27','22:58:00',899,3),(722,802,64,'2025-07-27','22:58:00',899,2),(722,803,99,'2025-07-27','22:58:00',899,1),(722,804,103,'2025-07-27','22:58:00',899,4),(723,805,72,'2025-09-08','16:26:00',507,1),(723,806,131,'2025-09-08','16:26:00',507,4),(724,807,79,'2025-09-17','20:47:00',768,4),(724,808,92,'2025-09-17','20:47:00',768,3),(725,809,69,'2025-08-28','19:50:00',711,4),(725,810,101,'2025-08-28','19:50:00',711,2),(725,811,102,'2025-08-28','19:50:00',711,4),(725,812,109,'2025-08-28','19:50:00',711,2),(726,813,2,'2025-07-02','23:44:00',945,3),(726,814,18,'2025-07-02','23:44:00',945,4),(726,815,58,'2025-07-02','23:44:00',945,3),(726,816,61,'2025-07-02','23:44:00',945,4),(726,817,90,'2025-07-02','23:44:00',945,3),(727,818,51,'2025-08-11','14:37:00',398,3),(727,819,70,'2025-08-11','14:37:00',398,2),(727,820,117,'2025-08-11','14:37:00',398,2),(728,821,7,'2025-07-05','20:08:00',729,1),(729,822,74,'2025-08-27','11:12:00',193,3),(729,823,85,'2025-08-27','11:12:00',193,2),(729,824,90,'2025-08-27','11:12:00',193,3),(730,825,40,'2025-07-29','23:06:00',907,4),(730,826,101,'2025-07-29','23:06:00',907,2),(731,827,27,'2025-09-14','14:34:00',395,1),(731,828,59,'2025-09-14','14:34:00',395,1),(731,829,82,'2025-09-14','14:34:00',395,4),(731,830,84,'2025-09-14','14:34:00',395,4),(731,831,117,'2025-09-14','14:34:00',395,1),(732,832,103,'2025-09-05','09:14:00',75,1),(733,833,16,'2025-07-01','19:43:00',704,4),(733,834,52,'2025-07-01','19:43:00',704,4),(734,835,84,'2025-07-11','09:38:00',99,4),(734,836,128,'2025-07-11','09:38:00',99,3),(735,837,32,'2025-09-17','11:47:00',228,3),(736,838,32,'2025-08-25','10:41:00',162,1),(736,839,63,'2025-08-25','10:41:00',162,2),(736,840,71,'2025-08-25','10:41:00',162,4),(736,841,89,'2025-08-25','10:41:00',162,2),(737,842,14,'2025-07-04','11:28:00',209,3),(737,843,41,'2025-07-04','11:28:00',209,2),(737,844,70,'2025-07-04','11:28:00',209,2),(737,845,86,'2025-07-04','11:28:00',209,2),(737,846,115,'2025-07-04','11:28:00',209,2),(738,847,51,'2025-07-20','10:06:00',127,2),(739,848,7,'2025-08-27','08:12:00',13,2),(739,849,73,'2025-08-27','08:12:00',13,4),(739,850,95,'2025-08-27','08:12:00',13,2),(739,851,105,'2025-08-27','08:12:00',13,3),(740,852,11,'2025-09-22','15:13:00',434,3),(740,853,41,'2025-09-22','15:13:00',434,3),(740,854,87,'2025-09-22','15:13:00',434,1),(741,855,10,'2025-08-03','14:07:00',368,1),(741,856,43,'2025-08-03','14:07:00',368,1),(741,857,71,'2025-08-03','14:07:00',368,1),(741,858,78,'2025-08-03','14:07:00',368,3),(741,859,126,'2025-08-03','14:07:00',368,1),(742,860,8,'2025-08-18','20:52:00',773,4),(742,861,39,'2025-08-18','20:52:00',773,2),(742,862,40,'2025-08-18','20:52:00',773,2),(742,863,117,'2025-08-18','20:52:00',773,3),(743,864,26,'2025-09-12','21:33:00',814,2),(743,865,38,'2025-09-12','21:33:00',814,4),(743,866,68,'2025-09-12','21:33:00',814,4),(744,867,37,'2025-07-04','10:57:00',178,2),(744,868,63,'2025-07-04','10:57:00',178,3),(744,869,81,'2025-07-04','10:57:00',178,1),(745,870,19,'2025-07-17','23:21:00',922,3),(745,871,61,'2025-07-17','23:21:00',922,3),(745,872,113,'2025-07-17','23:21:00',922,1),(746,873,67,'2025-09-08','11:14:00',195,4),(746,874,75,'2025-09-08','11:14:00',195,1),(746,875,102,'2025-09-08','11:14:00',195,4),(746,876,115,'2025-09-08','11:14:00',195,1),(746,877,120,'2025-09-08','11:14:00',195,1),(747,878,127,'2025-08-29','13:45:00',346,4),(748,879,52,'2025-07-12','12:51:00',292,2),(748,880,84,'2025-07-12','12:51:00',292,4),(748,881,96,'2025-07-12','12:51:00',292,2),(749,882,57,'2025-08-02','13:20:00',321,3),(749,883,73,'2025-08-02','13:20:00',321,4),(749,884,77,'2025-08-02','13:20:00',321,1),(749,885,84,'2025-08-02','13:20:00',321,3),(750,886,36,'2025-07-29','11:50:00',231,1),(750,887,43,'2025-07-29','11:50:00',231,1),(751,888,18,'2025-07-20','21:09:00',790,3),(751,889,64,'2025-07-20','21:09:00',790,4),(751,890,66,'2025-07-20','21:09:00',790,3),(751,891,113,'2025-07-20','21:09:00',790,1),(752,892,3,'2025-09-21','12:14:00',255,4),(752,893,50,'2025-09-21','12:14:00',255,4),(752,894,73,'2025-09-21','12:14:00',255,1),(752,895,105,'2025-09-21','12:14:00',255,3),(752,896,116,'2025-09-21','12:14:00',255,1),(753,897,93,'2025-08-18','10:36:00',157,1),(754,898,17,'2025-08-28','08:39:00',40,1),(754,899,41,'2025-08-28','08:39:00',40,3),(754,900,120,'2025-08-28','08:39:00',40,4),(755,901,88,'2025-09-22','16:59:00',540,1),(756,902,58,'2025-07-08','13:07:00',308,2),(757,903,18,'2025-07-09','13:22:00',323,3),(757,904,32,'2025-07-09','13:22:00',323,4),(757,905,39,'2025-07-09','13:22:00',323,2),(757,906,43,'2025-07-09','13:22:00',323,4),(757,907,120,'2025-07-09','13:22:00',323,2),(758,908,32,'2025-08-17','15:55:00',476,3),(758,909,105,'2025-08-17','15:55:00',476,4),(758,910,124,'2025-08-17','15:55:00',476,4),(759,911,49,'2025-07-22','14:19:00',380,1),(759,912,76,'2025-07-22','14:19:00',380,3),(759,913,117,'2025-07-22','14:19:00',380,4),(760,914,1,'2025-08-24','21:20:00',801,3),(760,915,36,'2025-08-24','21:20:00',801,3),(760,916,72,'2025-08-24','21:20:00',801,2),(761,917,56,'2025-08-12','16:04:00',485,4),(761,918,84,'2025-08-12','16:04:00',485,4),(761,919,85,'2025-08-12','16:04:00',485,2),(761,920,95,'2025-08-12','16:04:00',485,2),(762,921,105,'2025-09-09','10:25:00',146,3),(762,922,106,'2025-09-09','10:25:00',146,3),(763,923,58,'2025-07-10','16:09:00',490,3),(764,924,25,'2025-09-23','18:26:00',627,2),(764,925,130,'2025-09-23','18:26:00',627,1),(765,926,116,'2025-07-18','22:19:00',860,1),(766,927,81,'2025-08-02','20:27:00',748,2),(766,928,103,'2025-08-02','20:27:00',748,1),(766,929,111,'2025-08-02','20:27:00',748,3),(767,930,19,'2025-09-08','11:05:00',186,3),(767,931,108,'2025-09-08','11:05:00',186,3),(768,932,37,'2025-09-29','20:48:00',769,4),(768,933,41,'2025-09-29','20:48:00',769,3),(768,934,47,'2025-09-29','20:48:00',769,1),(768,935,67,'2025-09-29','20:48:00',769,1),(768,936,116,'2025-09-29','20:48:00',769,1),(769,937,28,'2025-08-03','18:25:00',626,2),(769,938,46,'2025-08-03','18:25:00',626,1),(769,939,88,'2025-08-03','18:25:00',626,4),(769,940,107,'2025-08-03','18:25:00',626,2),(769,941,129,'2025-08-03','18:25:00',626,3),(770,942,82,'2025-08-23','08:44:00',45,2),(771,943,24,'2025-07-07','17:52:00',593,4),(771,944,59,'2025-07-07','17:52:00',593,2),(771,945,102,'2025-07-07','17:52:00',593,2),(771,946,104,'2025-07-07','17:52:00',593,4),(771,947,113,'2025-07-07','17:52:00',593,2),(772,948,50,'2025-09-17','14:37:00',398,4),(772,949,75,'2025-09-17','14:37:00',398,3),(772,950,110,'2025-09-17','14:37:00',398,3),(773,951,52,'2025-07-12','13:02:00',303,1),(773,952,61,'2025-07-12','13:02:00',303,2),(773,953,80,'2025-07-12','13:02:00',303,1),(774,954,20,'2025-07-03','19:19:00',680,3),(774,955,44,'2025-07-03','19:19:00',680,2),(774,956,48,'2025-07-03','19:19:00',680,4),(774,957,75,'2025-07-03','19:19:00',680,3),(774,958,107,'2025-07-03','19:19:00',680,2),(775,959,117,'2025-08-14','10:48:00',169,4),(776,960,11,'2025-07-23','11:26:00',207,4),(776,961,35,'2025-07-23','11:26:00',207,2),(776,962,64,'2025-07-23','11:26:00',207,1),(776,963,119,'2025-07-23','11:26:00',207,2),(777,964,47,'2025-09-28','19:59:00',720,2),(777,965,53,'2025-09-28','19:59:00',720,2),(777,966,73,'2025-09-28','19:59:00',720,4),(777,967,100,'2025-09-28','19:59:00',720,2),(777,968,102,'2025-09-28','19:59:00',720,4),(778,969,9,'2025-09-22','15:25:00',446,2),(778,970,57,'2025-09-22','15:25:00',446,1),(778,971,74,'2025-09-22','15:25:00',446,3),(779,972,123,'2025-09-05','22:43:00',884,3),(780,973,31,'2025-07-13','10:23:00',144,1),(780,974,38,'2025-07-13','10:23:00',144,1),(780,975,115,'2025-07-13','10:23:00',144,3),(781,976,4,'2025-07-21','21:30:00',811,1),(781,977,25,'2025-07-21','21:30:00',811,2),(781,978,34,'2025-07-21','21:30:00',811,1),(781,979,70,'2025-07-21','21:30:00',811,1),(781,980,112,'2025-07-21','21:30:00',811,1),(782,981,5,'2025-07-15','08:16:00',17,3),(782,982,26,'2025-07-15','08:16:00',17,3),(782,983,90,'2025-07-15','08:16:00',17,2),(782,984,100,'2025-07-15','08:16:00',17,2),(783,985,29,'2025-09-13','20:20:00',741,1),(783,986,32,'2025-09-13','20:20:00',741,4),(783,987,54,'2025-09-13','20:20:00',741,3),(783,988,68,'2025-09-13','20:20:00',741,3),(784,989,30,'2025-08-24','12:33:00',274,1),(784,990,66,'2025-08-24','12:33:00',274,2),(785,991,26,'2025-09-25','19:53:00',714,1),(785,992,59,'2025-09-25','19:53:00',714,1),(785,993,90,'2025-09-25','19:53:00',714,1),(786,994,8,'2025-08-12','19:50:00',711,3),(786,995,9,'2025-08-12','19:50:00',711,3),(786,996,63,'2025-08-12','19:50:00',711,4),(786,997,92,'2025-08-12','19:50:00',711,2),(786,998,103,'2025-08-12','19:50:00',711,4),(787,999,22,'2025-07-23','10:03:00',124,3),(787,1000,84,'2025-07-23','10:03:00',124,3),(787,1001,109,'2025-07-23','10:03:00',124,4),(787,1002,118,'2025-07-23','10:03:00',124,1),(788,1003,54,'2025-09-03','20:34:00',755,1),(788,1004,71,'2025-09-03','20:34:00',755,1),(788,1005,81,'2025-09-03','20:34:00',755,3),(788,1006,100,'2025-09-03','20:34:00',755,3),(788,1007,120,'2025-09-03','20:34:00',755,3),(789,1008,61,'2025-08-14','19:09:00',670,1),(789,1009,81,'2025-08-14','19:09:00',670,4),(789,1010,98,'2025-08-14','19:09:00',670,1),(789,1011,105,'2025-08-14','19:09:00',670,2),(789,1012,118,'2025-08-14','19:09:00',670,2),(790,1013,8,'2025-09-17','20:00:00',721,4),(790,1014,44,'2025-09-17','20:00:00',721,4),(790,1015,111,'2025-09-17','20:00:00',721,3),(790,1016,120,'2025-09-17','20:00:00',721,3),(791,1017,20,'2025-08-28','23:10:00',911,1),(791,1018,95,'2025-08-28','23:10:00',911,1),(791,1019,118,'2025-08-28','23:10:00',911,3),(792,1020,16,'2025-08-24','12:01:00',242,1),(792,1021,61,'2025-08-24','12:01:00',242,3),(793,1022,66,'2025-09-20','11:41:00',222,4),(793,1023,96,'2025-09-20','11:41:00',222,1),(793,1024,107,'2025-09-20','11:41:00',222,2),(793,1025,112,'2025-09-20','11:41:00',222,3),(794,1026,25,'2025-09-28','15:40:00',461,3),(795,1027,53,'2025-08-26','14:25:00',386,2),(795,1028,80,'2025-08-26','14:25:00',386,3),(795,1029,84,'2025-08-26','14:25:00',386,2),(795,1030,122,'2025-08-26','14:25:00',386,1),(796,1031,61,'2025-08-28','14:39:00',400,2),(797,1032,7,'2025-09-28','22:42:00',883,4),(797,1033,21,'2025-09-28','22:42:00',883,1),(797,1034,49,'2025-09-28','22:42:00',883,3),(797,1035,56,'2025-09-28','22:42:00',883,2),(797,1036,107,'2025-09-28','22:42:00',883,1),(798,1037,51,'2025-09-22','16:33:00',514,3),(798,1038,68,'2025-09-22','16:33:00',514,1),(798,1039,97,'2025-09-22','16:33:00',514,4),(798,1040,110,'2025-09-22','16:33:00',514,2),(799,1041,63,'2025-07-02','21:17:00',798,4),(799,1042,64,'2025-07-02','21:17:00',798,3),(800,1043,92,'2025-08-12','09:38:00',99,4),(801,1044,11,'2025-07-11','20:59:00',780,3),(801,1045,21,'2025-07-11','20:59:00',780,2),(801,1046,34,'2025-07-11','20:59:00',780,1),(801,1047,95,'2025-07-11','20:59:00',780,4),(801,1048,110,'2025-07-11','20:59:00',780,4),(802,1049,14,'2025-09-21','09:14:00',75,3),(802,1050,50,'2025-09-21','09:14:00',75,4),(802,1051,68,'2025-09-21','09:14:00',75,4),(802,1052,129,'2025-09-21','09:14:00',75,4),(803,1053,114,'2025-08-22','13:35:00',336,4),(804,1054,4,'2025-09-11','11:51:00',232,3),(804,1055,8,'2025-09-11','11:51:00',232,4),(804,1056,22,'2025-09-11','11:51:00',232,2),(804,1057,42,'2025-09-11','11:51:00',232,4),(804,1058,49,'2025-09-11','11:51:00',232,2),(805,1059,66,'2025-08-16','10:13:00',134,4),(805,1060,121,'2025-08-16','10:13:00',134,1),(805,1061,122,'2025-08-16','10:13:00',134,1),(806,1062,18,'2025-08-13','11:22:00',203,2),(807,1063,68,'2025-08-23','22:35:00',876,2),(807,1064,71,'2025-08-23','22:35:00',876,1),(808,1065,86,'2025-08-20','12:46:00',287,2),(809,1066,2,'2025-08-27','19:16:00',677,2),(809,1067,40,'2025-08-27','19:16:00',677,2),(809,1068,65,'2025-08-27','19:16:00',677,2),(809,1069,97,'2025-08-27','19:16:00',677,4),(809,1070,108,'2025-08-27','19:16:00',677,4),(810,1071,82,'2025-08-09','10:48:00',169,3),(810,1072,89,'2025-08-09','10:48:00',169,2),(810,1073,95,'2025-08-09','10:48:00',169,2),(811,1074,24,'2025-09-16','20:51:00',772,4),(811,1075,40,'2025-09-16','20:51:00',772,1),(811,1076,65,'2025-09-16','20:51:00',772,4),(812,1077,12,'2025-08-25','11:08:00',189,1),(812,1078,125,'2025-08-25','11:08:00',189,2),(813,1079,77,'2025-09-28','18:53:00',654,1),(813,1080,89,'2025-09-28','18:53:00',654,2),(813,1081,96,'2025-09-28','18:53:00',654,4),(813,1082,113,'2025-09-28','18:53:00',654,4),(813,1083,116,'2025-09-28','18:53:00',654,1),(814,1084,83,'2025-08-25','12:56:00',297,4),(814,1085,123,'2025-08-25','12:56:00',297,3),(815,1086,19,'2025-07-17','11:13:00',194,2),(815,1087,104,'2025-07-17','11:13:00',194,1),(816,1088,59,'2025-09-28','18:27:00',628,1),(816,1089,93,'2025-09-28','18:27:00',628,2),(817,1090,128,'2025-08-20','23:04:00',905,3),(818,1091,74,'2025-08-04','16:26:00',507,1),(818,1092,86,'2025-08-04','16:26:00',507,3),(818,1093,88,'2025-08-04','16:26:00',507,1),(818,1094,118,'2025-08-04','16:26:00',507,2),(819,1095,21,'2025-09-05','17:41:00',582,1),(820,1096,78,'2025-07-05','20:22:00',743,3),(820,1097,80,'2025-07-05','20:22:00',743,1),(821,1098,106,'2025-09-23','21:54:00',835,2),(822,1099,107,'2025-08-30','17:21:00',562,3),(823,1100,36,'2025-07-07','21:55:00',836,1),(824,1101,129,'2025-07-08','23:29:00',930,2),(825,1102,1,'2025-08-01','10:57:00',178,2),(825,1103,14,'2025-08-01','10:57:00',178,2),(825,1104,43,'2025-08-01','10:57:00',178,4),(826,1105,23,'2025-09-03','14:41:00',402,2),(826,1106,47,'2025-09-03','14:41:00',402,2),(826,1107,60,'2025-09-03','14:41:00',402,1),(826,1108,124,'2025-09-03','14:41:00',402,2),(827,1109,28,'2025-07-31','20:40:00',761,1),(827,1110,64,'2025-07-31','20:40:00',761,4),(827,1111,81,'2025-07-31','20:40:00',761,1),(827,1112,100,'2025-07-31','20:40:00',761,4),(828,1113,109,'2025-07-21','12:22:00',263,4),(829,1114,68,'2025-08-29','23:35:00',936,1),(830,1115,28,'2025-07-21','23:31:00',932,3),(830,1116,37,'2025-07-21','23:31:00',932,1),(830,1117,58,'2025-07-21','23:31:00',932,2),(830,1118,111,'2025-07-21','23:31:00',932,2),(831,1119,74,'2025-07-22','17:52:00',593,3),(831,1120,82,'2025-07-22','17:52:00',593,1),(832,1121,59,'2025-07-01','13:04:00',305,4),(832,1122,80,'2025-07-01','13:04:00',305,3),(832,1123,82,'2025-07-01','13:04:00',305,2),(832,1124,103,'2025-07-01','13:04:00',305,3),(833,1125,19,'2025-08-27','11:25:00',206,1),(833,1126,130,'2025-08-27','11:25:00',206,3),(834,1127,63,'2025-08-30','09:01:00',62,3),(835,1128,7,'2025-08-20','21:56:00',837,3),(835,1129,13,'2025-08-20','21:56:00',837,4),(835,1130,33,'2025-08-20','21:56:00',837,1),(835,1131,92,'2025-08-20','21:56:00',837,1),(835,1132,118,'2025-08-20','21:56:00',837,3),(836,1133,41,'2025-09-14','17:16:00',557,4),(836,1134,117,'2025-09-14','17:16:00',557,2),(837,1135,6,'2025-07-23','09:51:00',112,4),(837,1136,73,'2025-07-23','09:51:00',112,2),(837,1137,93,'2025-07-23','09:51:00',112,3),(837,1138,108,'2025-07-23','09:51:00',112,1),(838,1139,4,'2025-07-30','13:43:00',344,4),(838,1140,66,'2025-07-30','13:43:00',344,2),(838,1141,104,'2025-07-30','13:43:00',344,1),(838,1142,111,'2025-07-30','13:43:00',344,4),(838,1143,115,'2025-07-30','13:43:00',344,1),(839,1144,38,'2025-09-10','15:24:00',445,2),(839,1145,74,'2025-09-10','15:24:00',445,1),(839,1146,76,'2025-09-10','15:24:00',445,2),(839,1147,96,'2025-09-10','15:24:00',445,2),(840,1148,29,'2025-08-02','21:58:00',839,4),(840,1149,75,'2025-08-02','21:58:00',839,2),(840,1150,96,'2025-08-02','21:58:00',839,2),(841,1151,29,'2025-08-24','10:39:00',160,2),(841,1152,42,'2025-08-24','10:39:00',160,4),(842,1153,53,'2025-08-11','15:14:00',435,2),(843,1154,18,'2025-09-08','13:54:00',355,1),(843,1155,34,'2025-09-08','13:54:00',355,2),(843,1156,39,'2025-09-08','13:54:00',355,3),(843,1157,51,'2025-09-08','13:54:00',355,1),(843,1158,61,'2025-09-08','13:54:00',355,1),(844,1159,117,'2025-07-06','12:17:00',258,2),(844,1160,118,'2025-07-06','12:17:00',258,3),(844,1161,122,'2025-07-06','12:17:00',258,3),(845,1162,20,'2025-07-31','19:51:00',712,4),(845,1163,53,'2025-07-31','19:51:00',712,3),(846,1164,58,'2025-07-26','14:51:00',412,3),(847,1165,16,'2025-08-21','12:04:00',245,3),(847,1166,26,'2025-08-21','12:04:00',245,1),(848,1167,50,'2025-09-07','10:47:00',168,2),(849,1168,5,'2025-09-07','08:25:00',26,4),(849,1169,53,'2025-09-07','08:25:00',26,2),(849,1170,54,'2025-09-07','08:25:00',26,1),(849,1171,90,'2025-09-07','08:25:00',26,3),(849,1172,101,'2025-09-07','08:25:00',26,1),(850,1173,41,'2025-08-29','14:23:00',384,3),(850,1174,96,'2025-08-29','14:23:00',384,1),(851,1175,27,'2025-07-25','19:06:00',667,2),(852,1176,5,'2025-08-17','20:26:00',747,4),(852,1177,9,'2025-08-17','20:26:00',747,1),(852,1178,34,'2025-08-17','20:26:00',747,2),(852,1179,115,'2025-08-17','20:26:00',747,1),(853,1180,39,'2025-07-10','14:55:00',416,4),(854,1181,59,'2025-07-15','10:17:00',138,4),(854,1182,107,'2025-07-15','10:17:00',138,3),(855,1183,27,'2025-07-26','08:22:00',23,4),(855,1184,73,'2025-07-26','08:22:00',23,2),(855,1185,97,'2025-07-26','08:22:00',23,3),(856,1186,21,'2025-09-18','12:58:00',299,3),(856,1187,96,'2025-09-18','12:58:00',299,3),(857,1188,5,'2025-07-17','19:35:00',696,4),(857,1189,27,'2025-07-17','19:35:00',696,3),(857,1190,103,'2025-07-17','19:35:00',696,4),(857,1191,104,'2025-07-17','19:35:00',696,3),(857,1192,120,'2025-07-17','19:35:00',696,3),(858,1193,71,'2025-09-05','23:49:00',950,2),(859,1194,4,'2025-09-09','13:09:00',310,2),(859,1195,8,'2025-09-09','13:09:00',310,1),(859,1196,39,'2025-09-09','13:09:00',310,4),(859,1197,81,'2025-09-09','13:09:00',310,3),(860,1198,8,'2025-07-10','23:30:00',931,1),(860,1199,21,'2025-07-10','23:30:00',931,1),(860,1200,63,'2025-07-10','23:30:00',931,4),(860,1201,96,'2025-07-10','23:30:00',931,2),(860,1202,104,'2025-07-10','23:30:00',931,3),(861,1203,23,'2025-09-10','16:00:00',481,4),(862,1204,39,'2025-08-05','20:59:00',780,3),(862,1205,53,'2025-08-05','20:59:00',780,1),(862,1206,61,'2025-08-05','20:59:00',780,2),(862,1207,123,'2025-08-05','20:59:00',780,4),(862,1208,131,'2025-08-05','20:59:00',780,3),(863,1209,7,'2025-07-14','21:53:00',834,4),(863,1210,10,'2025-07-14','21:53:00',834,4),(864,1211,58,'2025-09-14','18:21:00',622,1),(864,1212,80,'2025-09-14','18:21:00',622,1),(865,1213,20,'2025-08-18','10:00:00',121,2),(866,1214,3,'2025-08-06','20:34:00',755,2),(866,1215,13,'2025-08-06','20:34:00',755,4),(866,1216,91,'2025-08-06','20:34:00',755,2),(866,1217,124,'2025-08-06','20:34:00',755,2),(867,1218,19,'2025-07-07','12:51:00',292,4),(867,1219,65,'2025-07-07','12:51:00',292,3),(867,1220,131,'2025-07-07','12:51:00',292,4),(868,1221,108,'2025-07-27','21:10:00',791,1),(869,1222,15,'2025-08-02','23:55:00',956,4),(869,1223,52,'2025-08-02','23:55:00',956,2),(869,1224,65,'2025-08-02','23:55:00',956,2),(869,1225,110,'2025-08-02','23:55:00',956,1),(869,1226,112,'2025-08-02','23:55:00',956,1),(870,1227,14,'2025-08-07','12:04:00',245,3),(870,1228,26,'2025-08-07','12:04:00',245,2),(870,1229,43,'2025-08-07','12:04:00',245,4),(870,1230,92,'2025-08-07','12:04:00',245,1),(870,1231,120,'2025-08-07','12:04:00',245,3),(871,1232,40,'2025-08-22','19:08:00',669,1),(871,1233,45,'2025-08-22','19:08:00',669,1),(871,1234,46,'2025-08-22','19:08:00',669,4),(871,1235,94,'2025-08-22','19:08:00',669,2),(872,1236,49,'2025-09-04','11:05:00',186,1),(872,1237,132,'2025-09-04','11:05:00',186,3),(873,1238,4,'2025-08-20','19:56:00',717,3),(873,1239,42,'2025-08-20','19:56:00',717,2),(873,1240,51,'2025-08-20','19:56:00',717,4),(874,1241,5,'2025-07-06','08:36:00',37,2),(874,1242,17,'2025-07-06','08:36:00',37,4),(874,1243,20,'2025-07-06','08:36:00',37,3),(874,1244,31,'2025-07-06','08:36:00',37,2),(875,1245,66,'2025-09-07','18:38:00',639,3),(875,1246,75,'2025-09-07','18:38:00',639,2),(876,1247,49,'2025-09-25','12:33:00',274,3),(877,1248,28,'2025-08-17','23:44:00',945,3),(877,1249,104,'2025-08-17','23:44:00',945,2),(878,1250,9,'2025-09-29','21:19:00',800,4),(878,1251,79,'2025-09-29','21:19:00',800,1),(878,1252,89,'2025-09-29','21:19:00',800,1),(879,1253,116,'2025-07-20','20:31:00',752,1),(879,1254,123,'2025-07-20','20:31:00',752,2),(880,1255,48,'2025-08-10','16:55:00',536,3),(880,1256,70,'2025-08-10','16:55:00',536,3),(880,1257,76,'2025-08-10','16:55:00',536,4),(881,1258,8,'2025-08-31','22:18:00',859,3),(881,1259,66,'2025-08-31','22:18:00',859,2),(881,1260,81,'2025-08-31','22:18:00',859,3),(881,1261,130,'2025-08-31','22:18:00',859,2),(882,1262,7,'2025-09-30','23:48:00',949,3),(882,1263,10,'2025-09-30','23:48:00',949,1),(882,1264,44,'2025-09-30','23:48:00',949,2),(882,1265,99,'2025-09-30','23:48:00',949,4),(883,1266,110,'2025-09-21','15:14:00',435,2),(884,1267,63,'2025-08-16','12:05:00',246,4),(884,1268,75,'2025-08-16','12:05:00',246,3),(884,1269,78,'2025-08-16','12:05:00',246,4),(884,1270,83,'2025-08-16','12:05:00',246,4),(884,1271,119,'2025-08-16','12:05:00',246,4),(885,1272,10,'2025-09-06','08:22:00',23,1),(885,1273,41,'2025-09-06','08:22:00',23,4),(885,1274,59,'2025-09-06','08:22:00',23,4),(885,1275,82,'2025-09-06','08:22:00',23,1),(886,1276,74,'2025-07-22','16:46:00',527,4),(886,1277,76,'2025-07-22','16:46:00',527,3),(887,1278,77,'2025-07-19','08:54:00',55,4),(887,1279,87,'2025-07-19','08:54:00',55,2),(888,1280,2,'2025-09-02','08:15:00',16,2),(888,1281,50,'2025-09-02','08:15:00',16,1),(888,1282,55,'2025-09-02','08:15:00',16,3),(888,1283,65,'2025-09-02','08:15:00',16,1),(888,1284,76,'2025-09-02','08:15:00',16,1),(889,1285,81,'2025-07-09','12:00:00',241,1),(889,1286,102,'2025-07-09','12:00:00',241,4),(890,1287,8,'2025-08-25','11:58:00',239,4),(890,1288,33,'2025-08-25','11:58:00',239,2),(890,1289,69,'2025-08-25','11:58:00',239,2),(890,1290,126,'2025-08-25','11:58:00',239,1),(891,1291,59,'2025-09-25','21:26:00',807,4),(891,1292,105,'2025-09-25','21:26:00',807,3),(891,1293,108,'2025-09-25','21:26:00',807,1),(892,1294,62,'2025-09-23','08:30:00',31,3),(893,1295,48,'2025-09-04','10:07:00',128,3),(893,1296,63,'2025-09-04','10:07:00',128,3),(893,1297,97,'2025-09-04','10:07:00',128,4),(893,1298,112,'2025-09-04','10:07:00',128,3),(893,1299,118,'2025-09-04','10:07:00',128,1),(894,1300,28,'2025-09-08','16:53:00',534,2),(894,1301,72,'2025-09-08','16:53:00',534,3),(895,1302,3,'2025-08-21','16:49:00',530,2),(895,1303,28,'2025-08-21','16:49:00',530,2),(895,1304,47,'2025-08-21','16:49:00',530,1),(895,1305,78,'2025-08-21','16:49:00',530,4),(895,1306,130,'2025-08-21','16:49:00',530,3),(896,1307,30,'2025-09-13','21:47:00',828,3),(896,1308,72,'2025-09-13','21:47:00',828,1),(897,1309,33,'2025-09-23','14:55:00',416,2),(897,1310,37,'2025-09-23','14:55:00',416,2),(897,1311,74,'2025-09-23','14:55:00',416,4),(897,1312,92,'2025-09-23','14:55:00',416,4),(897,1313,102,'2025-09-23','14:55:00',416,2),(898,1314,19,'2025-09-20','11:55:00',236,2),(898,1315,55,'2025-09-20','11:55:00',236,3),(898,1316,82,'2025-09-20','11:55:00',236,2),(898,1317,86,'2025-09-20','11:55:00',236,2),(899,1318,75,'2025-07-25','12:00:00',241,3),(899,1319,81,'2025-07-25','12:00:00',241,2),(899,1320,93,'2025-07-25','12:00:00',241,1),(900,1321,2,'2025-08-16','14:53:00',414,3),(900,1322,27,'2025-08-16','14:53:00',414,3),(900,1323,33,'2025-08-16','14:53:00',414,2),(900,1324,52,'2025-08-16','14:53:00',414,3),(900,1325,112,'2025-08-16','14:53:00',414,4),(901,1326,41,'2025-09-27','23:26:00',927,2),(901,1327,67,'2025-09-27','23:26:00',927,3),(901,1328,86,'2025-09-27','23:26:00',927,1),(901,1329,88,'2025-09-27','23:26:00',927,4),(901,1330,98,'2025-09-27','23:26:00',927,1),(902,1331,51,'2025-08-25','12:34:00',275,2),(902,1332,85,'2025-08-25','12:34:00',275,1),(902,1333,92,'2025-08-25','12:34:00',275,1),(902,1334,127,'2025-08-25','12:34:00',275,4),(903,1335,27,'2025-07-16','11:06:00',187,2),(903,1336,96,'2025-07-16','11:06:00',187,3),(904,1337,57,'2025-09-20','17:19:00',560,1),(904,1338,74,'2025-09-20','17:19:00',560,1),(904,1339,122,'2025-09-20','17:19:00',560,4),(905,1340,11,'2025-07-10','17:19:00',560,3),(906,1341,13,'2025-09-10','11:31:00',212,3),(906,1342,17,'2025-09-10','11:31:00',212,3),(906,1343,46,'2025-09-10','11:31:00',212,3),(906,1344,81,'2025-09-10','11:31:00',212,1),(906,1345,129,'2025-09-10','11:31:00',212,4),(907,1346,83,'2025-07-28','10:51:00',172,2),(907,1347,84,'2025-07-28','10:51:00',172,4),(907,1348,109,'2025-07-28','10:51:00',172,1),(908,1349,55,'2025-08-30','08:25:00',26,3),(908,1350,96,'2025-08-30','08:25:00',26,2),(909,1351,14,'2025-07-29','09:18:00',79,1),(909,1352,28,'2025-07-29','09:18:00',79,2),(910,1353,4,'2025-09-17','16:54:00',535,3),(910,1354,35,'2025-09-17','16:54:00',535,4),(910,1355,57,'2025-09-17','16:54:00',535,4),(910,1356,118,'2025-09-17','16:54:00',535,4),(911,1357,15,'2025-09-30','22:41:00',882,2),(911,1358,19,'2025-09-30','22:41:00',882,2),(911,1359,76,'2025-09-30','22:41:00',882,3),(911,1360,121,'2025-09-30','22:41:00',882,4),(911,1361,127,'2025-09-30','22:41:00',882,1),(912,1362,38,'2025-09-05','20:08:00',729,4),(912,1363,59,'2025-09-05','20:08:00',729,3),(913,1364,4,'2025-09-02','12:24:00',265,3),(913,1365,63,'2025-09-02','12:24:00',265,3),(913,1366,106,'2025-09-02','12:24:00',265,4),(914,1367,24,'2025-08-02','23:40:00',941,4),(915,1368,11,'2025-07-11','13:25:00',326,1),(915,1369,95,'2025-07-11','13:25:00',326,2),(916,1370,5,'2025-07-29','10:33:00',154,4),(916,1371,34,'2025-07-29','10:33:00',154,1),(916,1372,90,'2025-07-29','10:33:00',154,3),(917,1373,70,'2025-08-19','18:57:00',658,3),(918,1374,2,'2025-07-28','22:34:00',875,4),(918,1375,42,'2025-07-28','22:34:00',875,2),(918,1376,55,'2025-07-28','22:34:00',875,4),(919,1377,56,'2025-08-29','18:03:00',604,1),(919,1378,99,'2025-08-29','18:03:00',604,3),(920,1379,61,'2025-07-25','10:30:00',151,2),(920,1380,102,'2025-07-25','10:30:00',151,1),(921,1381,34,'2025-07-24','22:38:00',879,3),(921,1382,39,'2025-07-24','22:38:00',879,4),(922,1383,90,'2025-07-03','10:38:00',159,4),(922,1384,129,'2025-07-03','10:38:00',159,4),(923,1385,59,'2025-09-14','20:59:00',780,2),(923,1386,70,'2025-09-14','20:59:00',780,2),(923,1387,84,'2025-09-14','20:59:00',780,4),(923,1388,95,'2025-09-14','20:59:00',780,2),(923,1389,117,'2025-09-14','20:59:00',780,3),(924,1390,30,'2025-09-04','12:56:00',297,4),(924,1391,39,'2025-09-04','12:56:00',297,3),(924,1392,60,'2025-09-04','12:56:00',297,3),(925,1393,67,'2025-09-30','17:52:00',593,4),(925,1394,71,'2025-09-30','17:52:00',593,4),(925,1395,76,'2025-09-30','17:52:00',593,2),(925,1396,93,'2025-09-30','17:52:00',593,4),(926,1397,9,'2025-08-27','20:35:00',756,4),(926,1398,11,'2025-08-27','20:35:00',756,1),(926,1399,34,'2025-08-27','20:35:00',756,1),(927,1400,30,'2025-09-12','20:16:00',737,2),(927,1401,90,'2025-09-12','20:16:00',737,2),(927,1402,106,'2025-09-12','20:16:00',737,2),(927,1403,119,'2025-09-12','20:16:00',737,1),(928,1404,16,'2025-08-05','18:22:00',623,3),(928,1405,54,'2025-08-05','18:22:00',623,4),(928,1406,93,'2025-08-05','18:22:00',623,3),(928,1407,111,'2025-08-05','18:22:00',623,3),(929,1408,20,'2025-09-14','21:39:00',820,2),(929,1409,47,'2025-09-14','21:39:00',820,1),(929,1410,127,'2025-09-14','21:39:00',820,4),(930,1411,62,'2025-07-13','12:02:00',243,2),(930,1412,94,'2025-07-13','12:02:00',243,2),(930,1413,118,'2025-07-13','12:02:00',243,4),(930,1414,125,'2025-07-13','12:02:00',243,1),(931,1415,3,'2025-08-16','08:46:00',47,2),(931,1416,38,'2025-08-16','08:46:00',47,1),(931,1417,46,'2025-08-16','08:46:00',47,2),(932,1418,95,'2025-07-09','12:22:00',263,1),(933,1419,86,'2025-08-08','11:12:00',193,4),(933,1420,115,'2025-08-08','11:12:00',193,3),(934,1421,17,'2025-08-19','17:02:00',543,2),(934,1422,117,'2025-08-19','17:02:00',543,1),(935,1423,103,'2025-09-22','12:35:00',276,3),(936,1424,100,'2025-09-23','09:55:00',116,2),(936,1425,103,'2025-09-23','09:55:00',116,3),(936,1426,112,'2025-09-23','09:55:00',116,1),(936,1427,118,'2025-09-23','09:55:00',116,2),(936,1428,119,'2025-09-23','09:55:00',116,4),(937,1429,20,'2025-08-04','23:17:00',918,4),(937,1430,42,'2025-08-04','23:17:00',918,2),(937,1431,88,'2025-08-04','23:17:00',918,3),(938,1432,53,'2025-09-28','22:20:00',861,4),(938,1433,59,'2025-09-28','22:20:00',861,3),(938,1434,69,'2025-09-28','22:20:00',861,4),(938,1435,79,'2025-09-28','22:20:00',861,4),(938,1436,84,'2025-09-28','22:20:00',861,2),(939,1437,16,'2025-08-13','16:19:00',500,1),(939,1438,42,'2025-08-13','16:19:00',500,3),(939,1439,104,'2025-08-13','16:19:00',500,1),(940,1440,47,'2025-09-13','10:31:00',152,3),(940,1441,61,'2025-09-13','10:31:00',152,1),(940,1442,62,'2025-09-13','10:31:00',152,3),(940,1443,76,'2025-09-13','10:31:00',152,3),(940,1444,77,'2025-09-13','10:31:00',152,3),(941,1445,131,'2025-08-31','23:05:00',906,2),(942,1446,7,'2025-09-07','22:01:00',842,3),(942,1447,22,'2025-09-07','22:01:00',842,2),(942,1448,68,'2025-09-07','22:01:00',842,4),(942,1449,72,'2025-09-07','22:01:00',842,4),(942,1450,103,'2025-09-07','22:01:00',842,1),(943,1451,4,'2025-07-24','20:40:00',761,4),(943,1452,44,'2025-07-24','20:40:00',761,2),(943,1453,100,'2025-07-24','20:40:00',761,3),(944,1454,108,'2025-07-17','10:03:00',124,2),(945,1455,31,'2025-09-25','12:09:00',250,1),(945,1456,64,'2025-09-25','12:09:00',250,1),(945,1457,93,'2025-09-25','12:09:00',250,2),(945,1458,122,'2025-09-25','12:09:00',250,4),(946,1459,64,'2025-07-06','12:05:00',246,2),(946,1460,89,'2025-07-06','12:05:00',246,3),(947,1461,99,'2025-08-20','09:14:00',75,2),(948,1462,13,'2025-07-30','23:49:00',950,2),(948,1463,21,'2025-07-30','23:49:00',950,4),(948,1464,83,'2025-07-30','23:49:00',950,4),(948,1465,92,'2025-07-30','23:49:00',950,3),(948,1466,117,'2025-07-30','23:49:00',950,4),(949,1467,66,'2025-08-09','08:16:00',17,1),(949,1468,74,'2025-08-09','08:16:00',17,1),(949,1469,76,'2025-08-09','08:16:00',17,3),(949,1470,80,'2025-08-09','08:16:00',17,2),(949,1471,88,'2025-08-09','08:16:00',17,2),(950,1472,68,'2025-07-21','20:08:00',729,4),(950,1473,90,'2025-07-21','20:08:00',729,4),(950,1474,100,'2025-07-21','20:08:00',729,1),(950,1475,114,'2025-07-21','20:08:00',729,4),(951,1476,2,'2025-09-04','22:47:00',888,4),(951,1477,99,'2025-09-04','22:47:00',888,3),(952,1478,15,'2025-09-07','21:14:00',795,3),(952,1479,19,'2025-09-07','21:14:00',795,4),(952,1480,31,'2025-09-07','21:14:00',795,4),(952,1481,59,'2025-09-07','21:14:00',795,3),(952,1482,93,'2025-09-07','21:14:00',795,1),(953,1483,53,'2025-09-06','08:42:00',43,3),(953,1484,71,'2025-09-06','08:42:00',43,1),(953,1485,82,'2025-09-06','08:42:00',43,3),(953,1486,104,'2025-09-06','08:42:00',43,3),(954,1487,18,'2025-09-07','19:00:00',661,1),(954,1488,30,'2025-09-07','19:00:00',661,1),(954,1489,37,'2025-09-07','19:00:00',661,1),(954,1490,51,'2025-09-07','19:00:00',661,1);
/*!40000 ALTER TABLE `venta` ENABLE KEYS */;
UNLOCK TABLES;

--
-- Temporary view structure for view `vw_facturacion_por_franja`
--

DROP TABLE IF EXISTS `vw_facturacion_por_franja`;
/*!50001 DROP VIEW IF EXISTS `vw_facturacion_por_franja`*/;
SET @saved_cs_client     = @@character_set_client;
/*!50503 SET character_set_client = utf8mb4 */;
/*!50001 CREATE VIEW `vw_facturacion_por_franja` AS SELECT 
 1 AS `franja_horaria`,
 1 AS `tickets_emitidos`,
 1 AS `facturacion_bruta`,
 1 AS `costo_total`,
 1 AS `contribucion_marginal`,
 1 AS `margen_porcentual`*/;
SET character_set_client = @saved_cs_client;

--
-- Temporary view structure for view `vw_margen_por_categoria`
--

DROP TABLE IF EXISTS `vw_margen_por_categoria`;
/*!50001 DROP VIEW IF EXISTS `vw_margen_por_categoria`*/;
SET @saved_cs_client     = @@character_set_client;
/*!50503 SET character_set_client = utf8mb4 */;
/*!50001 CREATE VIEW `vw_margen_por_categoria` AS SELECT 
 1 AS `categoria`,
 1 AS `tickets`,
 1 AS `unidades`,
 1 AS `facturacion_bruta`,
 1 AS `costo_total`,
 1 AS `contribucion_marginal`,
 1 AS `margen_porcentual`*/;
SET character_set_client = @saved_cs_client;

--
-- Temporary view structure for view `vw_movimientos_recientes`
--

DROP TABLE IF EXISTS `vw_movimientos_recientes`;
/*!50001 DROP VIEW IF EXISTS `vw_movimientos_recientes`*/;
SET @saved_cs_client     = @@character_set_client;
/*!50503 SET character_set_client = utf8mb4 */;
/*!50001 CREATE VIEW `vw_movimientos_recientes` AS SELECT 
 1 AS `id_movimiento`,
 1 AS `fecha`,
 1 AS `tipo_movimiento`,
 1 AS `cantidad`,
 1 AS `descripcion`,
 1 AS `id_producto`,
 1 AS `producto`,
 1 AS `categoria`*/;
SET character_set_client = @saved_cs_client;

--
-- Temporary view structure for view `vw_stock_actual_detalle`
--

DROP TABLE IF EXISTS `vw_stock_actual_detalle`;
/*!50001 DROP VIEW IF EXISTS `vw_stock_actual_detalle`*/;
SET @saved_cs_client     = @@character_set_client;
/*!50503 SET character_set_client = utf8mb4 */;
/*!50001 CREATE VIEW `vw_stock_actual_detalle` AS SELECT 
 1 AS `id_producto`,
 1 AS `producto`,
 1 AS `categoria`,
 1 AS `cantidad_actual`,
 1 AS `fecha_actualizacion`*/;
SET character_set_client = @saved_cs_client;

--
-- Temporary view structure for view `vw_ventas_por_franja`
--

DROP TABLE IF EXISTS `vw_ventas_por_franja`;
/*!50001 DROP VIEW IF EXISTS `vw_ventas_por_franja`*/;
SET @saved_cs_client     = @@character_set_client;
/*!50503 SET character_set_client = utf8mb4 */;
/*!50001 CREATE VIEW `vw_ventas_por_franja` AS SELECT 
 1 AS `franja_horaria`,
 1 AS `tickets_emitidos`,
 1 AS `total_unidades_vendidas`*/;
SET character_set_client = @saved_cs_client;

--
-- Final view structure for view `vw_facturacion_por_franja`
--

/*!50001 DROP VIEW IF EXISTS `vw_facturacion_por_franja`*/;
/*!50001 SET @saved_cs_client          = @@character_set_client */;
/*!50001 SET @saved_cs_results         = @@character_set_results */;
/*!50001 SET @saved_col_connection     = @@collation_connection */;
/*!50001 SET character_set_client      = utf8mb4 */;
/*!50001 SET character_set_results     = utf8mb4 */;
/*!50001 SET collation_connection      = utf8mb4_general_ci */;
/*!50001 CREATE ALGORITHM=UNDEFINED */
/*!50013 DEFINER=`root`@`localhost` SQL SECURITY DEFINER */
/*!50001 VIEW `vw_facturacion_por_franja` AS select `fh`.`franja_horaria` AS `franja_horaria`,count(distinct `v`.`id_ticket`) AS `tickets_emitidos`,coalesce(sum((`pr`.`precio_unit` * `v`.`cantidad`)),0) AS `facturacion_bruta`,coalesce(sum((`co`.`costo_reposicion` * `v`.`cantidad`)),0) AS `costo_total`,coalesce(sum(((`pr`.`precio_unit` - `co`.`costo_reposicion`) * `v`.`cantidad`)),0) AS `contribucion_marginal`,(case when (coalesce(sum((`pr`.`precio_unit` * `v`.`cantidad`)),0) > 0) then round(((coalesce(sum(((`pr`.`precio_unit` - `co`.`costo_reposicion`) * `v`.`cantidad`)),0) / sum((`pr`.`precio_unit` * `v`.`cantidad`))) * 100),2) else NULL end) AS `margen_porcentual` from (((`venta` `v` join `franja_horaria` `fh` on((`fh`.`id_franja` = `v`.`id_franja`))) join `precio` `pr` on((`pr`.`id_producto` = `v`.`id_producto`))) join `costo` `co` on((`co`.`id_producto` = `v`.`id_producto`))) group by `fh`.`franja_horaria` order by `facturacion_bruta` desc */;
/*!50001 SET character_set_client      = @saved_cs_client */;
/*!50001 SET character_set_results     = @saved_cs_results */;
/*!50001 SET collation_connection      = @saved_col_connection */;

--
-- Final view structure for view `vw_margen_por_categoria`
--

/*!50001 DROP VIEW IF EXISTS `vw_margen_por_categoria`*/;
/*!50001 SET @saved_cs_client          = @@character_set_client */;
/*!50001 SET @saved_cs_results         = @@character_set_results */;
/*!50001 SET @saved_col_connection     = @@collation_connection */;
/*!50001 SET character_set_client      = utf8mb4 */;
/*!50001 SET character_set_results     = utf8mb4 */;
/*!50001 SET collation_connection      = utf8mb4_general_ci */;
/*!50001 CREATE ALGORITHM=UNDEFINED */
/*!50013 DEFINER=`root`@`localhost` SQL SECURITY DEFINER */
/*!50001 VIEW `vw_margen_por_categoria` AS select `c`.`categoria` AS `categoria`,count(distinct `v`.`id_ticket`) AS `tickets`,coalesce(sum(`v`.`cantidad`),0) AS `unidades`,coalesce(sum((`pr`.`precio_unit` * `v`.`cantidad`)),0) AS `facturacion_bruta`,coalesce(sum((`co`.`costo_reposicion` * `v`.`cantidad`)),0) AS `costo_total`,coalesce(sum(((`pr`.`precio_unit` - `co`.`costo_reposicion`) * `v`.`cantidad`)),0) AS `contribucion_marginal`,(case when (coalesce(sum((`pr`.`precio_unit` * `v`.`cantidad`)),0) > 0) then round(((coalesce(sum(((`pr`.`precio_unit` - `co`.`costo_reposicion`) * `v`.`cantidad`)),0) / sum((`pr`.`precio_unit` * `v`.`cantidad`))) * 100),2) else NULL end) AS `margen_porcentual` from ((((`venta` `v` join `producto` `p` on((`p`.`id_producto` = `v`.`id_producto`))) left join `categoria` `c` on((`c`.`id_categoria` = `p`.`id_categoria`))) join `precio` `pr` on((`pr`.`id_producto` = `v`.`id_producto`))) join `costo` `co` on((`co`.`id_producto` = `v`.`id_producto`))) group by `c`.`categoria` order by `contribucion_marginal` desc,`facturacion_bruta` desc */;
/*!50001 SET character_set_client      = @saved_cs_client */;
/*!50001 SET character_set_results     = @saved_cs_results */;
/*!50001 SET collation_connection      = @saved_col_connection */;

--
-- Final view structure for view `vw_movimientos_recientes`
--

/*!50001 DROP VIEW IF EXISTS `vw_movimientos_recientes`*/;
/*!50001 SET @saved_cs_client          = @@character_set_client */;
/*!50001 SET @saved_cs_results         = @@character_set_results */;
/*!50001 SET @saved_col_connection     = @@collation_connection */;
/*!50001 SET character_set_client      = utf8mb4 */;
/*!50001 SET character_set_results     = utf8mb4 */;
/*!50001 SET collation_connection      = utf8mb4_general_ci */;
/*!50001 CREATE ALGORITHM=UNDEFINED */
/*!50013 DEFINER=`root`@`localhost` SQL SECURITY DEFINER */
/*!50001 VIEW `vw_movimientos_recientes` AS select `ms`.`id_movimiento` AS `id_movimiento`,`ms`.`fecha` AS `fecha`,`ms`.`tipo_movimiento` AS `tipo_movimiento`,`ms`.`cantidad` AS `cantidad`,`ms`.`descripcion` AS `descripcion`,`ms`.`id_producto` AS `id_producto`,`p`.`nombre` AS `producto`,`c`.`categoria` AS `categoria` from ((`movimiento_stock` `ms` join `producto` `p` on((`p`.`id_producto` = `ms`.`id_producto`))) left join `categoria` `c` on((`c`.`id_categoria` = `p`.`id_categoria`))) where (`ms`.`fecha` >= (now() - interval 15 day)) order by `ms`.`fecha` desc */;
/*!50001 SET character_set_client      = @saved_cs_client */;
/*!50001 SET character_set_results     = @saved_cs_results */;
/*!50001 SET collation_connection      = @saved_col_connection */;

--
-- Final view structure for view `vw_stock_actual_detalle`
--

/*!50001 DROP VIEW IF EXISTS `vw_stock_actual_detalle`*/;
/*!50001 SET @saved_cs_client          = @@character_set_client */;
/*!50001 SET @saved_cs_results         = @@character_set_results */;
/*!50001 SET @saved_col_connection     = @@collation_connection */;
/*!50001 SET character_set_client      = utf8mb4 */;
/*!50001 SET character_set_results     = utf8mb4 */;
/*!50001 SET collation_connection      = utf8mb4_general_ci */;
/*!50001 CREATE ALGORITHM=UNDEFINED */
/*!50013 DEFINER=`root`@`localhost` SQL SECURITY DEFINER */
/*!50001 VIEW `vw_stock_actual_detalle` AS select `s`.`id_producto` AS `id_producto`,`p`.`nombre` AS `producto`,`c`.`categoria` AS `categoria`,`s`.`cantidad_actual` AS `cantidad_actual`,`s`.`fecha_actualizacion` AS `fecha_actualizacion` from ((`stock` `s` join `producto` `p` on((`p`.`id_producto` = `s`.`id_producto`))) left join `categoria` `c` on((`c`.`id_categoria` = `p`.`id_categoria`))) order by `s`.`cantidad_actual` */;
/*!50001 SET character_set_client      = @saved_cs_client */;
/*!50001 SET character_set_results     = @saved_cs_results */;
/*!50001 SET collation_connection      = @saved_col_connection */;

--
-- Final view structure for view `vw_ventas_por_franja`
--

/*!50001 DROP VIEW IF EXISTS `vw_ventas_por_franja`*/;
/*!50001 SET @saved_cs_client          = @@character_set_client */;
/*!50001 SET @saved_cs_results         = @@character_set_results */;
/*!50001 SET @saved_col_connection     = @@collation_connection */;
/*!50001 SET character_set_client      = utf8mb4 */;
/*!50001 SET character_set_results     = utf8mb4 */;
/*!50001 SET collation_connection      = utf8mb4_general_ci */;
/*!50001 CREATE ALGORITHM=UNDEFINED */
/*!50013 DEFINER=`root`@`localhost` SQL SECURITY DEFINER */
/*!50001 VIEW `vw_ventas_por_franja` AS select `fh`.`franja_horaria` AS `franja_horaria`,count(distinct `v`.`id_ticket`) AS `tickets_emitidos`,sum(`v`.`cantidad`) AS `total_unidades_vendidas` from (`venta` `v` join `franja_horaria` `fh` on((`fh`.`id_franja` = `v`.`id_franja`))) group by `fh`.`franja_horaria` order by `total_unidades_vendidas` desc */;
/*!50001 SET character_set_client      = @saved_cs_client */;
/*!50001 SET character_set_results     = @saved_cs_results */;
/*!50001 SET collation_connection      = @saved_col_connection */;
/*!40103 SET TIME_ZONE=@OLD_TIME_ZONE */;

/*!40101 SET SQL_MODE=@OLD_SQL_MODE */;
/*!40014 SET FOREIGN_KEY_CHECKS=@OLD_FOREIGN_KEY_CHECKS */;
/*!40014 SET UNIQUE_CHECKS=@OLD_UNIQUE_CHECKS */;
/*!40101 SET CHARACTER_SET_CLIENT=@OLD_CHARACTER_SET_CLIENT */;
/*!40101 SET CHARACTER_SET_RESULTS=@OLD_CHARACTER_SET_RESULTS */;
/*!40101 SET COLLATION_CONNECTION=@OLD_COLLATION_CONNECTION */;
/*!40111 SET SQL_NOTES=@OLD_SQL_NOTES */;

-- Dump completed on 2025-11-21 17:15:05
