use franquicia_almendra;

-- ========================
-- INSERTAR REGISTROS EN LAS TABLAS
-- ========================

-- CATEGORIA
INSERT INTO categoria (id_categoria, categoria, descripcion) VALUES
(1, 'Principal', 'Platos elaborados que constituyen la comida principal del día, como carnes, pastas, ensaladas o sándwiches completos'),
(2, 'Bebida', 'Gaseosas, jugos, aguas saborizadas, limonadas y otras opciones frías para acompañar las comidas.'),
(3, 'Café', 'Variedades de café, tés e infusiones calientes o frías, incluyendo opciones especiales y descafeinadas.'),
(4, 'Merienda', 'Productos ideales para acompañar un café o té, como medialunas, alfajores, budines, cookies y masas dulces.'),
(5, 'Postre', 'Tortas, brownies y preparaciones dulces servidas al final de la comida o como opción de indulgencia.'),
(6, 'Guarnición', 'Acompañamientos de los platos principales, como purés, verduras salteadas, arroz o ensaladas pequeñas.');

-- PRODUCTO
INSERT INTO producto (id_producto, id_categoria, nombre, sku, descripcion) VALUES
(1, 1, 'Pechuga al verdeo', '0632', 'Bebida fría'),
(2, 1, 'Suprema de pollo', '0152', 'Postre artesanal'),
(3, 1, 'Pechuga florentina', '0395', 'Acompañamiento clásico'),
(4, 1, 'Pechuga al limón', '0405', NULL),
(5, 1, 'Pechuga al curry', '0355', 'Postre artesanal'),
(6, 1, 'Tarta con ensalada', '0178', 'Acompañamiento clásico'),
(7, 1, 'Salmón grillé al limón', '0817', 'Ideal para la merienda'),
(8, 1, 'Salmón finas hierbas', '0533', 'Bebida fría'),
(9, 1, 'Merluza roquefort', '0514', 'Bebida fría'),
(10, 1, 'Canelones espinacas', '0992', 'Ideal para la merienda'),
(11, 1, 'Canelones de carne', '0019', 'Plato principal casero'),
(12, 1, 'Lasaña completa', '0772', NULL),
(13, 1, 'Lasaña vegetariana', '0795', 'Plato principal casero'),
(14, 1, 'Tallarines Parisienne', '0334', 'Acompañamiento clásico'),
(15, 1, 'Bondiola BBQ', '0327', 'Bebida fría'),
(16, 1, 'Ribbs BBQ', '0981', 'Plato principal casero'),
(17, 1, 'Carré Dijon', '0600', 'Acompañamiento clásico'),
(18, 1, 'Bondiola braseada', '0818', 'Postre artesanal'),
(19, 1, 'Tortilla espinacas', '0612', 'Bebida fría'),
(20, 1, 'Tortilla de papas', '0800', 'Plato principal casero'),
(21, 1, 'Chop suey', '0553', 'Ideal para la merienda'),
(22, 1, 'Berenjena napolitana', '0980', null),
(23, 1, 'Calabaza rellena', '0770', 'Plato principal casero'),
(24, 1, 'Goulash', '0363', 'Postre artesanal'),
(25, 1, 'Bife a la criolla', '0642', 'Café o infusión caliente'),
(26, 1, 'Strogonoff', '0707', null),
(27, 1, 'Albóndigas al filetto', '0021', null),
(28, 1, 'Guiso de lentejas', '0757', 'Bebida fría'),
(29, 1, 'Sandwich del pacífico', '0635', 'Acompañamiento clásico'),
(30, 1, 'Burger sandwich', '0750', null),
(31, 1, 'Milanesa sandwich', '0296', 'Bebida fría'),
(32, 1, 'Sandwich jamón y queso', '0051', 'Ideal para la merienda'),
(33, 1, 'Suprema sandwich', '0803', 'Ideal para la merienda'),
(34, 1, 'Sandwich porteño', '0022', 'Acompañamiento clásico'),
(35, 1, 'Alaska sandwich', '0736', 'Bebida fría'),
(36, 1, 'Sand queso solo', '0784', null),
(37, 1, 'Bondiola sandwich', '0308', null),
(38, 1, 'Burger veggie sandwich', '0176', null),
(39, 1, 'Sandwich del campo', '0933', 'Bebida fría'),
(40, 1, 'Tucu sandwich', '0179', 'Ideal para la merienda'),
(41, 1, 'Chicken sandwich', '0573', 'Ideal para la merienda'),
(42, 1, 'Sandwich criollo', '0756', 'Bebida fría'),
(43, 1, 'Sandwich serranito', '0011', null),
(44, 1, 'Hamburguesa infantil', '0132', 'Acompañamiento clásico'),
(45, 1, 'Ensalada sushi salad', '0836', 'Bebida fría'),
(46, 1, 'Wraps point', '0808', 'Acompañamiento clásico'),
(47, 1, 'Wraps palta', '0267', 'Café o infusión caliente'),
(48, 1, 'Wraps Caesar', '0911', 'Ideal para la merienda'),
(49, 1, 'Ensalada Caesar', '0073', 'Plato principal casero'),
(50, 1, 'Ensalada Point', '0715', 'Bebida fría'),
(51, 1, 'Ensalada Palta', '0774', 'Postre artesanal'),
(52, 2, 'Fanta', '0780', 'Bebida fría'),
(53, 2, 'Cepita Kids Naranja', '0555', 'Café o infusión caliente'),
(54, 2, 'Powerade Mountain Blast', '0585', null),
(55, 2, 'Aquarius Naranja', '0034', null),
(56, 2, 'Aquarius Manzana', '0295', 'Postre artesanal'),
(57, 2, 'Aquarius Pomelo', '0938', 'Plato principal casero'),
(58, 2, 'Powerade Frutos Tropicales', '0016', null),
(59, 2, 'Coca Zero', '0496', 'Postre artesanal'),
(60, 2, 'Sprite Zero', '0701', 'Acompañamiento clásico'),
(61, 2, 'Aquarius Pera', '0212', 'Postre artesanal'),
(62, 2, 'Agua con gas', '0070', 'Café o infusión caliente'),
(63, 2, 'Sprite', '0453', 'Café o infusión caliente'),
(64, 2, 'Coca Light', '0894', 'Bebida fría'),
(65, 2, 'Coca Cola', '0014', 'Plato principal casero'),
(66, 2, 'Powerade Manzana', '0540', 'Café o infusión caliente'),
(67, 2, 'Cepita Kids Multifruta', '0096', 'Ideal para la merienda'),
(68, 2, 'Agua sin gas', '0531', 'Acompañamiento clásico'),
(69, 2, 'Cepita Kids Manzana', '0053', 'Postre artesanal'),
(70, 2, 'Patagonia lata 1/2', '0469', 'Postre artesanal'),
(71, 2, 'Limonada Frozen 500cc', '0538', 'Ideal para la merienda'),
(72, 2, 'Limonada Frozen 1L', '0419', null),
(73, 2, 'Jugo naranja exprimido 500cc', '0447', null),
(74, 2, 'Jugo naranja exprimido 280cc', '0118', 'Postre artesanal'),
(75, 3, 'Lágrima doble', '0424', 'Plato principal casero'),
(76, 3, 'Flat White descafeinado', '0061', 'Bebida fría'),
(77, 3, 'Café con leche descafeinado', '0416', 'Postre artesanal'),
(78, 3, 'Flat White', '0619', null),
(79, 3, 'Capuccino italiano', '0428', 'Acompañamiento clásico'),
(80, 3, 'Iced Macchiato', '0515', null),
(81, 3, 'Submarino', '0634', null),
(82, 3, 'Café con leche', '0731', 'Plato principal casero'),
(83, 3, 'Romas Vanilla Macchiato', '0744', 'Ideal para la merienda'),
(84, 3, 'Latte Macchiato', '0987', 'Ideal para la merienda'),
(85, 3, 'Maruja Caramel Latte', '0507', 'Ideal para la merienda'),
(86, 3, 'Té en hebras', '0745', 'Acompañamiento clásico'),
(87, 4, 'Roll canela', '0492', 'Bebida fría'),
(88, 4, 'Medialuna jamón y queso', '0188', 'Ideal para la merienda'),
(89, 4, 'Alfajor de almendras', '0723', 'Café o infusión caliente'),
(90, 5, 'Brownie St', '0614', 'Postre artesanal'),
(91, 4, 'Budín casero limón', '0627', null),
(92, 4, 'Alfajor de maicena Palta', '0544', null),
(93, 4, 'Alfajor sin TACC', '0391', null),
(94, 4, 'Alfajor choco & almendras', '0821', 'Postre artesanal'),
(95, 4, 'Chipá x4', '0068', 'Café o infusión caliente'),
(96, 4, 'Cookies Rocklets', '0313', 'Acompañamiento clásico'),
(97, 4, 'Crumble coco y ddl', '0129', 'Acompañamiento clásico'),
(98, 4, 'Scon dulce', '0446', 'Acompañamiento clásico'),
(99, 4, 'Crumble de manzana', '0055', null),
(100, 4, 'Alfajor de nuez', '0218', 'Café o infusión caliente'),
(101, 4, 'Scon de queso', '0570', 'Bebida fría'),
(102, 4, 'Medialuna de grasa', '0150', 'Bebida fría'),
(103, 4, 'Medialuna de manteca', '0506', 'Plato principal casero'),
(104, 4, 'Budín casero naranjas', '0260', 'Plato principal casero'),
(105, 4, 'Cookies Pepitos', '0676', 'Postre artesanal'),
(106, 4, 'Yogur con mix de frutos', '0402', 'Bebida fría'),
(107, 4, 'Chipá x2', '0834', 'Bebida fría'),
(108, 4, 'Crumble cookies pistacho', '0127', 'Acompañamiento clásico'),
(109, 4, 'Crumble frutos rojos', '0877', null),
(110, 4, 'Alfajor manteca Palta', '0094', 'Bebida fría'),
(111, 4, 'Alfajor cordobés Palta', '0299', 'Postre artesanal'),
(112, 5, 'Brownie chocolate', '0362', 'Bebida fría'),
(113, 5, 'Munchis frutilla', '0926', 'Ideal para la merienda'),
(114, 5, 'Munchis ddl', '0727', 'Acompañamiento clásico'),
(115, 5, 'Munchis crema', '0181', 'Postre artesanal'),
(116, 5, 'Lemon pie', '0180', 'Ideal para la merienda'),
(117, 5, 'Marquise', '0633', 'Ideal para la merienda'),
(118, 5, 'Choco Oreo', '0673', 'Plato principal casero'),
(119, 5, 'Torta Matilda', '0786', 'Plato principal casero'),
(120, 5, 'Torta almendras frutos rojos', '0679', 'Bebida fría'),
(121, 5, 'Carrot Cake', '0103', 'Acompañamiento clásico'),
(122, 5, 'Torta Rogel entera', '0923', 'Plato principal casero'),
(123, 6, 'Puré de manzana', '0903', 'Acompañamiento clásico'),
(124, 6, 'Verduritas salteadas', '0503', 'Postre artesanal'),
(125, 6, 'Batatas Caramel', '0878', 'Postre artesanal'),
(126, 6, 'Guarnición Point', '0891', 'Postre artesanal'),
(127, 6, 'Puré de batata', '0855', null),
(128, 6, 'Guarnición Palta', '0660', 'Plato principal casero'),
(129, 6, 'Arroz Pilaf', '0361', null),
(130, 6, 'Quinoa salteada', '0486', null),
(131, 6, 'Guarnición Caesar', '0925', 'Bebida fría'),
(132, 6, 'Espinacas a la crema', '0794', null);


-- COSTO


INSERT INTO costo (id_producto, costo_reposicion) VALUES
(1, 8060.81),
(2, 6871.56),
(3, 7818.08),
(4, 6423.01),
(5, 8449.76),
(6, 9275.07),
(7, 9886.73),
(8, 10968.46),
(9, 10686.99),
(10, 7722.61),
(11, 7036.91),
(12, 8403.45),
(13, 7408.52),
(14, 7747.77),
(15, 8874.25),
(16, 9060.83),
(17, 8415.36),
(18, 8834.20),
(19, 7569.96),
(20, 7107.71),
(21, 8845.21),
(22, 4518.81),
(23, 7213.52),
(24, 9826.63),
(25, 9343.49),
(26, 7862.39),
(27, 7780.99),
(28, 6858.95),
(29, 8292.76),
(30, 7965.44),
(31, 10243.86),
(32, 5730.38),
(33, 9516.85),
(34, 5888.99),
(35, 10023.25),
(36, 4997.42),
(37, 10233.26),
(38, 8357.22),
(39, 8421.14),
(40, 9810.55),
(41, 9712.81),
(42, 7150.43),
(43, 6838.55),
(44, 6521.46),
(45, 12532.93),
(46, 7378.04),
(47, 7352.02),
(48, 5556.02),
(49, 7590.57),
(50, 10311.40),
(51, 11007.41),
(52, 2079.61),
(53, 851.78),
(54, 2101.97),
(55, 1651.63),
(56, 2138.60),
(57, 1809.44),
(58, 2472.18),
(59, 1937.35),
(60, 1758.92),
(61, 2208.80),
(62, 1525.86),
(63, 1968.84),
(64, 1911.35),
(65, 2134.00),
(66, 2746.39),
(67, 1098.75),
(68, 1589.98),
(69, 897.61),
(70, 3627.29),
(71, 2213.15),
(72, 3324.90),
(73, 2931.55),
(74, 2001.69),
(75, 2356.09),
(76, 2619.20),
(77, 2182.71),
(78, 2158.73),
(79, 1691.57),
(80, 2699.57),
(81, 2259.34),
(82, 2162.78),
(83, 2974.21),
(84, 2016.43),
(85, 2175.94),
(86, 1745.35),
(87, 1977.50),
(88, 1721.10),
(89, 1032.00),
(90, 4494.24),
(91, 2311.03),
(92, 1685.63),
(93, 1804.79),
(94, 1513.59),
(95, 1238.30),
(96, 1869.09),
(97, 2618.20),
(98, 1411.88),
(99, 3095.18),
(100, 1037.23),
(101, 1600.15),
(102, 460.27),
(103, 670.92),
(104, 2481.63),
(105, 1684.26),
(106, 3712.96),
(107, 566.78),
(108, 2274.51),
(109, 3060.22),
(110, 1431.61),
(111, 951.63),
(112, 2819.63),
(113, 2536.04),
(114, 3021.37),
(115, 3034.98),
(116, 4943.87),
(117, 4994.33),
(118, 5199.45),
(119, 4190.67),
(120, 4097.82),
(121, 5090.96),
(122, 26181.28),
(123, 1661.69),
(124, 1903.97),
(125, 1694.96),
(126, 3113.52),
(127, 1608.40),
(128, 3694.46),
(129, 1156.41),
(130, 1063.43),
(131, 2642.41),
(132, 2806.55);


-- PRECIO


INSERT INTO precio (id_producto, precio_unit) VALUES
(1, 19400.00),
(2, 16250.00),
(3, 20600.00),
(4, 18100.00),
(5, 19400.00),
(6, 20600.00),
(7, 27500.00),
(8, 29400.00),
(9, 23100.00),
(10, 20000.00),
(11, 20000.00),
(12, 20600.00),
(13, 20600.00),
(14, 20000.00),
(15, 20000.00),
(16, 21900.00),
(17, 20600.00),
(18, 20000.00),
(19, 15600.00),
(20, 15000.00),
(21, 18100.00),
(22, 10600.00),
(23, 15600.00),
(24, 20000.00),
(25, 22500.00),
(26, 18750.00),
(27, 16250.00),
(28, 18100.00),
(29, 22500.00),
(30, 21900.00),
(31, 22500.00),
(32, 11900.00),
(33, 21900.00),
(34, 16250.00),
(35, 22500.00),
(36, 11900.00),
(37, 21900.00),
(38, 21900.00),
(39, 17500.00),
(40, 21900.00),
(41, 21900.00),
(42, 15600.00),
(43, 16250.00),
(44, 17500.00),
(45, 27500.00),
(46, 15000.00),
(47, 17500.00),
(48, 13100.00),
(49, 18750.00),
(50, 21900.00),
(51, 22500.00),
(52, 5000.00),
(53, 2750.00),
(54, 6250.00),
(55, 5000.00),
(56, 5000.00),
(57, 5000.00),
(58, 6250.00),
(59, 5000.00),
(60, 5000.00),
(61, 5000.00),
(62, 4600.00),
(63, 5000.00),
(64, 5000.00),
(65, 5000.00),
(66, 6250.00),
(67, 2750.00),
(68, 4600.00),
(69, 2750.00),
(70, 8100.00),
(71, 5600.00),
(72, 10000.00),
(73, 7900.00),
(74, 5250.00),
(75, 5600.00),
(76, 6900.00),
(77, 5250.00),
(78, 6900.00),
(79, 5600.00),
(80, 6250.00),
(81, 5600.00),
(82, 5250.00),
(83, 6900.00),
(84, 5600.00),
(85, 6900.00),
(86, 5000.00),
(87, 5000.00),
(88, 4400.00),
(89, 3400.00),
(90, 10000.00),
(91, 6250.00),
(92, 3750.00),
(93, 4400.00),
(94, 3400.00),
(95, 3000.00),
(96, 4400.00),
(97, 7500.00),
(98, 3400.00),
(99, 7500.00),
(100, 3400.00),
(101, 4400.00),
(102, 1500.00),
(103, 1500.00),
(104, 6250.00),
(105, 4400.00),
(106, 10000.00),
(107, 1500.00),
(108, 6000.00),
(109, 7500.00),
(110, 3400.00),
(111, 2900.00),
(112, 7500.00),
(113, 6900.00),
(114, 6900.00),
(115, 6900.00),
(116, 11900.00),
(117, 11900.00),
(118, 11900.00),
(119, 11900.00),
(120, 11900.00),
(121, 11900.00),
(122, 81250.00),
(123, 4400.00),
(124, 4400.00),
(125, 4600.00),
(126, 8750.00),
(127, 4400.00),
(128, 8750.00),
(129, 3100.00),
(130, 3500.00),
(131, 8750.00),
(132, 6250.00);


-- FRANJA HORARIA

INSERT INTO franja_horaria (id_franja, hora, franja_horaria) VALUES
(1, '08:00', '8-9'),
(2, '08:01', '8-9'),
(3, '08:02', '8-9'),
(4, '08:03', '8-9'),
(5, '08:04', '8-9'),
(6, '08:05', '8-9'),
(7, '08:06', '8-9'),
(8, '08:07', '8-9'),
(9, '08:08', '8-9'),
(10, '08:09', '8-9'),
(11, '08:10', '8-9'),
(12, '08:11', '8-9'),
(13, '08:12', '8-9'),
(14, '08:13', '8-9'),
(15, '08:14', '8-9'),
(16, '08:15', '8-9'),
(17, '08:16', '8-9'),
(18, '08:17', '8-9'),
(19, '08:18', '8-9'),
(20, '08:19', '8-9'),
(21, '08:20', '8-9'),
(22, '08:21', '8-9'),
(23, '08:22', '8-9'),
(24, '08:23', '8-9'),
(25, '08:24', '8-9'),
(26, '08:25', '8-9'),
(27, '08:26', '8-9'),
(28, '08:27', '8-9'),
(29, '08:28', '8-9'),
(30, '08:29', '8-9'),
(31, '08:30', '8-9'),
(32, '08:31', '8-9'),
(33, '08:32', '8-9'),
(34, '08:33', '8-9'),
(35, '08:34', '8-9'),
(36, '08:35', '8-9'),
(37, '08:36', '8-9'),
(38, '08:37', '8-9'),
(39, '08:38', '8-9'),
(40, '08:39', '8-9'),
(41, '08:40', '8-9'),
(42, '08:41', '8-9'),
(43, '08:42', '8-9'),
(44, '08:43', '8-9'),
(45, '08:44', '8-9'),
(46, '08:45', '8-9'),
(47, '08:46', '8-9'),
(48, '08:47', '8-9'),
(49, '08:48', '8-9'),
(50, '08:49', '8-9'),
(51, '08:50', '8-9'),
(52, '08:51', '8-9'),
(53, '08:52', '8-9'),
(54, '08:53', '8-9'),
(55, '08:54', '8-9'),
(56, '08:55', '8-9'),
(57, '08:56', '8-9'),
(58, '08:57', '8-9'),
(59, '08:58', '8-9'),
(60, '08:59', '8-9'),
(61, '09:00', '9-10'),
(62, '09:01', '9-10'),
(63, '09:02', '9-10'),
(64, '09:03', '9-10'),
(65, '09:04', '9-10'),
(66, '09:05', '9-10'),
(67, '09:06', '9-10'),
(68, '09:07', '9-10'),
(69, '09:08', '9-10'),
(70, '09:09', '9-10'),
(71, '09:10', '9-10'),
(72, '09:11', '9-10'),
(73, '09:12', '9-10'),
(74, '09:13', '9-10'),
(75, '09:14', '9-10'),
(76, '09:15', '9-10'),
(77, '09:16', '9-10'),
(78, '09:17', '9-10'),
(79, '09:18', '9-10'),
(80, '09:19', '9-10'),
(81, '09:20', '9-10'),
(82, '09:21', '9-10'),
(83, '09:22', '9-10'),
(84, '09:23', '9-10'),
(85, '09:24', '9-10'),
(86, '09:25', '9-10'),
(87, '09:26', '9-10'),
(88, '09:27', '9-10'),
(89, '09:28', '9-10'),
(90, '09:29', '9-10'),
(91, '09:30', '9-10'),
(92, '09:31', '9-10'),
(93, '09:32', '9-10'),
(94, '09:33', '9-10'),
(95, '09:34', '9-10'),
(96, '09:35', '9-10'),
(97, '09:36', '9-10'),
(98, '09:37', '9-10'),
(99, '09:38', '9-10'),
(100, '09:39', '9-10'),
(101, '09:40', '9-10'),
(102, '09:41', '9-10'),
(103, '09:42', '9-10'),
(104, '09:43', '9-10'),
(105, '09:44', '9-10'),
(106, '09:45', '9-10'),
(107, '09:46', '9-10'),
(108, '09:47', '9-10'),
(109, '09:48', '9-10'),
(110, '09:49', '9-10'),
(111, '09:50', '9-10'),
(112, '09:51', '9-10'),
(113, '09:52', '9-10'),
(114, '09:53', '9-10'),
(115, '09:54', '9-10'),
(116, '09:55', '9-10'),
(117, '09:56', '9-10'),
(118, '09:57', '9-10'),
(119, '09:58', '9-10'),
(120, '09:59', '9-10'),
(121, '10:00', '10-11'),
(122, '10:01', '10-11'),
(123, '10:02', '10-11'),
(124, '10:03', '10-11'),
(125, '10:04', '10-11'),
(126, '10:05', '10-11'),
(127, '10:06', '10-11'),
(128, '10:07', '10-11'),
(129, '10:08', '10-11'),
(130, '10:09', '10-11'),
(131, '10:10', '10-11'),
(132, '10:11', '10-11'),
(133, '10:12', '10-11'),
(134, '10:13', '10-11'),
(135, '10:14', '10-11'),
(136, '10:15', '10-11'),
(137, '10:16', '10-11'),
(138, '10:17', '10-11'),
(139, '10:18', '10-11'),
(140, '10:19', '10-11'),
(141, '10:20', '10-11'),
(142, '10:21', '10-11'),
(143, '10:22', '10-11'),
(144, '10:23', '10-11'),
(145, '10:24', '10-11'),
(146, '10:25', '10-11'),
(147, '10:26', '10-11'),
(148, '10:27', '10-11'),
(149, '10:28', '10-11'),
(150, '10:29', '10-11'),
(151, '10:30', '10-11'),
(152, '10:31', '10-11'),
(153, '10:32', '10-11'),
(154, '10:33', '10-11'),
(155, '10:34', '10-11'),
(156, '10:35', '10-11'),
(157, '10:36', '10-11'),
(158, '10:37', '10-11'),
(159, '10:38', '10-11'),
(160, '10:39', '10-11'),
(161, '10:40', '10-11'),
(162, '10:41', '10-11'),
(163, '10:42', '10-11'),
(164, '10:43', '10-11'),
(165, '10:44', '10-11'),
(166, '10:45', '10-11'),
(167, '10:46', '10-11'),
(168, '10:47', '10-11'),
(169, '10:48', '10-11'),
(170, '10:49', '10-11'),
(171, '10:50', '10-11'),
(172, '10:51', '10-11'),
(173, '10:52', '10-11'),
(174, '10:53', '10-11'),
(175, '10:54', '10-11'),
(176, '10:55', '10-11'),
(177, '10:56', '10-11'),
(178, '10:57', '10-11'),
(179, '10:58', '10-11'),
(180, '10:59', '10-11'),
(181, '11:00', '11-12'),
(182, '11:01', '11-12'),
(183, '11:02', '11-12'),
(184, '11:03', '11-12'),
(185, '11:04', '11-12'),
(186, '11:05', '11-12'),
(187, '11:06', '11-12'),
(188, '11:07', '11-12'),
(189, '11:08', '11-12'),
(190, '11:09', '11-12'),
(191, '11:10', '11-12'),
(192, '11:11', '11-12'),
(193, '11:12', '11-12'),
(194, '11:13', '11-12'),
(195, '11:14', '11-12'),
(196, '11:15', '11-12'),
(197, '11:16', '11-12'),
(198, '11:17', '11-12'),
(199, '11:18', '11-12'),
(200, '11:19', '11-12'),
(201, '11:20', '11-12'),
(202, '11:21', '11-12'),
(203, '11:22', '11-12'),
(204, '11:23', '11-12'),
(205, '11:24', '11-12'),
(206, '11:25', '11-12'),
(207, '11:26', '11-12'),
(208, '11:27', '11-12'),
(209, '11:28', '11-12'),
(210, '11:29', '11-12'),
(211, '11:30', '11-12'),
(212, '11:31', '11-12'),
(213, '11:32', '11-12'),
(214, '11:33', '11-12'),
(215, '11:34', '11-12'),
(216, '11:35', '11-12'),
(217, '11:36', '11-12'),
(218, '11:37', '11-12'),
(219, '11:38', '11-12'),
(220, '11:39', '11-12'),
(221, '11:40', '11-12'),
(222, '11:41', '11-12'),
(223, '11:42', '11-12'),
(224, '11:43', '11-12'),
(225, '11:44', '11-12'),
(226, '11:45', '11-12'),
(227, '11:46', '11-12'),
(228, '11:47', '11-12'),
(229, '11:48', '11-12'),
(230, '11:49', '11-12'),
(231, '11:50', '11-12'),
(232, '11:51', '11-12'),
(233, '11:52', '11-12'),
(234, '11:53', '11-12'),
(235, '11:54', '11-12'),
(236, '11:55', '11-12'),
(237, '11:56', '11-12'),
(238, '11:57', '11-12'),
(239, '11:58', '11-12'),
(240, '11:59', '11-12'),
(241, '12:00', '12-13'),
(242, '12:01', '12-13'),
(243, '12:02', '12-13'),
(244, '12:03', '12-13'),
(245, '12:04', '12-13'),
(246, '12:05', '12-13'),
(247, '12:06', '12-13'),
(248, '12:07', '12-13'),
(249, '12:08', '12-13'),
(250, '12:09', '12-13'),
(251, '12:10', '12-13'),
(252, '12:11', '12-13'),
(253, '12:12', '12-13'),
(254, '12:13', '12-13'),
(255, '12:14', '12-13'),
(256, '12:15', '12-13'),
(257, '12:16', '12-13'),
(258, '12:17', '12-13'),
(259, '12:18', '12-13'),
(260, '12:19', '12-13'),
(261, '12:20', '12-13'),
(262, '12:21', '12-13'),
(263, '12:22', '12-13'),
(264, '12:23', '12-13'),
(265, '12:24', '12-13'),
(266, '12:25', '12-13'),
(267, '12:26', '12-13'),
(268, '12:27', '12-13'),
(269, '12:28', '12-13'),
(270, '12:29', '12-13'),
(271, '12:30', '12-13'),
(272, '12:31', '12-13'),
(273, '12:32', '12-13'),
(274, '12:33', '12-13'),
(275, '12:34', '12-13'),
(276, '12:35', '12-13'),
(277, '12:36', '12-13'),
(278, '12:37', '12-13'),
(279, '12:38', '12-13'),
(280, '12:39', '12-13'),
(281, '12:40', '12-13'),
(282, '12:41', '12-13'),
(283, '12:42', '12-13'),
(284, '12:43', '12-13'),
(285, '12:44', '12-13'),
(286, '12:45', '12-13'),
(287, '12:46', '12-13'),
(288, '12:47', '12-13'),
(289, '12:48', '12-13'),
(290, '12:49', '12-13'),
(291, '12:50', '12-13'),
(292, '12:51', '12-13'),
(293, '12:52', '12-13'),
(294, '12:53', '12-13'),
(295, '12:54', '12-13'),
(296, '12:55', '12-13'),
(297, '12:56', '12-13'),
(298, '12:57', '12-13'),
(299, '12:58', '12-13'),
(300, '12:59', '12-13'),
(301, '13:00', '13-14'),
(302, '13:01', '13-14'),
(303, '13:02', '13-14'),
(304, '13:03', '13-14'),
(305, '13:04', '13-14'),
(306, '13:05', '13-14'),
(307, '13:06', '13-14'),
(308, '13:07', '13-14'),
(309, '13:08', '13-14'),
(310, '13:09', '13-14'),
(311, '13:10', '13-14'),
(312, '13:11', '13-14'),
(313, '13:12', '13-14'),
(314, '13:13', '13-14'),
(315, '13:14', '13-14'),
(316, '13:15', '13-14'),
(317, '13:16', '13-14'),
(318, '13:17', '13-14'),
(319, '13:18', '13-14'),
(320, '13:19', '13-14'),
(321, '13:20', '13-14'),
(322, '13:21', '13-14'),
(323, '13:22', '13-14'),
(324, '13:23', '13-14'),
(325, '13:24', '13-14'),
(326, '13:25', '13-14'),
(327, '13:26', '13-14'),
(328, '13:27', '13-14'),
(329, '13:28', '13-14'),
(330, '13:29', '13-14'),
(331, '13:30', '13-14'),
(332, '13:31', '13-14'),
(333, '13:32', '13-14'),
(334, '13:33', '13-14'),
(335, '13:34', '13-14'),
(336, '13:35', '13-14'),
(337, '13:36', '13-14'),
(338, '13:37', '13-14'),
(339, '13:38', '13-14'),
(340, '13:39', '13-14'),
(341, '13:40', '13-14'),
(342, '13:41', '13-14'),
(343, '13:42', '13-14'),
(344, '13:43', '13-14'),
(345, '13:44', '13-14'),
(346, '13:45', '13-14'),
(347, '13:46', '13-14'),
(348, '13:47', '13-14'),
(349, '13:48', '13-14'),
(350, '13:49', '13-14'),
(351, '13:50', '13-14'),
(352, '13:51', '13-14'),
(353, '13:52', '13-14'),
(354, '13:53', '13-14'),
(355, '13:54', '13-14'),
(356, '13:55', '13-14'),
(357, '13:56', '13-14'),
(358, '13:57', '13-14'),
(359, '13:58', '13-14'),
(360, '13:59', '13-14'),
(361, '14:00', '14-15'),
(362, '14:01', '14-15'),
(363, '14:02', '14-15'),
(364, '14:03', '14-15'),
(365, '14:04', '14-15'),
(366, '14:05', '14-15'),
(367, '14:06', '14-15'),
(368, '14:07', '14-15'),
(369, '14:08', '14-15'),
(370, '14:09', '14-15'),
(371, '14:10', '14-15'),
(372, '14:11', '14-15'),
(373, '14:12', '14-15'),
(374, '14:13', '14-15'),
(375, '14:14', '14-15'),
(376, '14:15', '14-15'),
(377, '14:16', '14-15'),
(378, '14:17', '14-15'),
(379, '14:18', '14-15'),
(380, '14:19', '14-15'),
(381, '14:20', '14-15'),
(382, '14:21', '14-15'),
(383, '14:22', '14-15'),
(384, '14:23', '14-15'),
(385, '14:24', '14-15'),
(386, '14:25', '14-15'),
(387, '14:26', '14-15'),
(388, '14:27', '14-15'),
(389, '14:28', '14-15'),
(390, '14:29', '14-15'),
(391, '14:30', '14-15'),
(392, '14:31', '14-15'),
(393, '14:32', '14-15'),
(394, '14:33', '14-15'),
(395, '14:34', '14-15'),
(396, '14:35', '14-15'),
(397, '14:36', '14-15'),
(398, '14:37', '14-15'),
(399, '14:38', '14-15'),
(400, '14:39', '14-15'),
(401, '14:40', '14-15'),
(402, '14:41', '14-15'),
(403, '14:42', '14-15'),
(404, '14:43', '14-15'),
(405, '14:44', '14-15'),
(406, '14:45', '14-15'),
(407, '14:46', '14-15'),
(408, '14:47', '14-15'),
(409, '14:48', '14-15'),
(410, '14:49', '14-15'),
(411, '14:50', '14-15'),
(412, '14:51', '14-15'),
(413, '14:52', '14-15'),
(414, '14:53', '14-15'),
(415, '14:54', '14-15'),
(416, '14:55', '14-15'),
(417, '14:56', '14-15'),
(418, '14:57', '14-15'),
(419, '14:58', '14-15'),
(420, '14:59', '14-15'),
(421, '15:00', '15-16'),
(422, '15:01', '15-16'),
(423, '15:02', '15-16'),
(424, '15:03', '15-16'),
(425, '15:04', '15-16'),
(426, '15:05', '15-16'),
(427, '15:06', '15-16'),
(428, '15:07', '15-16'),
(429, '15:08', '15-16'),
(430, '15:09', '15-16'),
(431, '15:10', '15-16'),
(432, '15:11', '15-16'),
(433, '15:12', '15-16'),
(434, '15:13', '15-16'),
(435, '15:14', '15-16'),
(436, '15:15', '15-16'),
(437, '15:16', '15-16'),
(438, '15:17', '15-16'),
(439, '15:18', '15-16'),
(440, '15:19', '15-16'),
(441, '15:20', '15-16'),
(442, '15:21', '15-16'),
(443, '15:22', '15-16'),
(444, '15:23', '15-16'),
(445, '15:24', '15-16'),
(446, '15:25', '15-16'),
(447, '15:26', '15-16'),
(448, '15:27', '15-16'),
(449, '15:28', '15-16'),
(450, '15:29', '15-16'),
(451, '15:30', '15-16'),
(452, '15:31', '15-16'),
(453, '15:32', '15-16'),
(454, '15:33', '15-16'),
(455, '15:34', '15-16'),
(456, '15:35', '15-16'),
(457, '15:36', '15-16'),
(458, '15:37', '15-16'),
(459, '15:38', '15-16'),
(460, '15:39', '15-16'),
(461, '15:40', '15-16'),
(462, '15:41', '15-16'),
(463, '15:42', '15-16'),
(464, '15:43', '15-16'),
(465, '15:44', '15-16'),
(466, '15:45', '15-16'),
(467, '15:46', '15-16'),
(468, '15:47', '15-16'),
(469, '15:48', '15-16'),
(470, '15:49', '15-16'),
(471, '15:50', '15-16'),
(472, '15:51', '15-16'),
(473, '15:52', '15-16'),
(474, '15:53', '15-16'),
(475, '15:54', '15-16'),
(476, '15:55', '15-16'),
(477, '15:56', '15-16'),
(478, '15:57', '15-16'),
(479, '15:58', '15-16'),
(480, '15:59', '15-16'),
(481, '16:00', '16-17'),
(482, '16:01', '16-17'),
(483, '16:02', '16-17'),
(484, '16:03', '16-17'),
(485, '16:04', '16-17'),
(486, '16:05', '16-17'),
(487, '16:06', '16-17'),
(488, '16:07', '16-17'),
(489, '16:08', '16-17'),
(490, '16:09', '16-17'),
(491, '16:10', '16-17'),
(492, '16:11', '16-17'),
(493, '16:12', '16-17'),
(494, '16:13', '16-17'),
(495, '16:14', '16-17'),
(496, '16:15', '16-17'),
(497, '16:16', '16-17'),
(498, '16:17', '16-17'),
(499, '16:18', '16-17'),
(500, '16:19', '16-17'),
(501, '16:20', '16-17'),
(502, '16:21', '16-17'),
(503, '16:22', '16-17'),
(504, '16:23', '16-17'),
(505, '16:24', '16-17'),
(506, '16:25', '16-17'),
(507, '16:26', '16-17'),
(508, '16:27', '16-17'),
(509, '16:28', '16-17'),
(510, '16:29', '16-17'),
(511, '16:30', '16-17'),
(512, '16:31', '16-17'),
(513, '16:32', '16-17'),
(514, '16:33', '16-17'),
(515, '16:34', '16-17'),
(516, '16:35', '16-17'),
(517, '16:36', '16-17'),
(518, '16:37', '16-17'),
(519, '16:38', '16-17'),
(520, '16:39', '16-17'),
(521, '16:40', '16-17'),
(522, '16:41', '16-17'),
(523, '16:42', '16-17'),
(524, '16:43', '16-17'),
(525, '16:44', '16-17'),
(526, '16:45', '16-17'),
(527, '16:46', '16-17'),
(528, '16:47', '16-17'),
(529, '16:48', '16-17'),
(530, '16:49', '16-17'),
(531, '16:50', '16-17'),
(532, '16:51', '16-17'),
(533, '16:52', '16-17'),
(534, '16:53', '16-17'),
(535, '16:54', '16-17'),
(536, '16:55', '16-17'),
(537, '16:56', '16-17'),
(538, '16:57', '16-17'),
(539, '16:58', '16-17'),
(540, '16:59', '16-17'),
(541, '17:00', '17-18'),
(542, '17:01', '17-18'),
(543, '17:02', '17-18'),
(544, '17:03', '17-18'),
(545, '17:04', '17-18'),
(546, '17:05', '17-18'),
(547, '17:06', '17-18'),
(548, '17:07', '17-18'),
(549, '17:08', '17-18'),
(550, '17:09', '17-18'),
(551, '17:10', '17-18'),
(552, '17:11', '17-18'),
(553, '17:12', '17-18'),
(554, '17:13', '17-18'),
(555, '17:14', '17-18'),
(556, '17:15', '17-18'),
(557, '17:16', '17-18'),
(558, '17:17', '17-18'),
(559, '17:18', '17-18'),
(560, '17:19', '17-18'),
(561, '17:20', '17-18'),
(562, '17:21', '17-18'),
(563, '17:22', '17-18'),
(564, '17:23', '17-18'),
(565, '17:24', '17-18'),
(566, '17:25', '17-18'),
(567, '17:26', '17-18'),
(568, '17:27', '17-18'),
(569, '17:28', '17-18'),
(570, '17:29', '17-18'),
(571, '17:30', '17-18'),
(572, '17:31', '17-18'),
(573, '17:32', '17-18'),
(574, '17:33', '17-18'),
(575, '17:34', '17-18'),
(576, '17:35', '17-18'),
(577, '17:36', '17-18'),
(578, '17:37', '17-18'),
(579, '17:38', '17-18'),
(580, '17:39', '17-18'),
(581, '17:40', '17-18'),
(582, '17:41', '17-18'),
(583, '17:42', '17-18'),
(584, '17:43', '17-18'),
(585, '17:44', '17-18'),
(586, '17:45', '17-18'),
(587, '17:46', '17-18'),
(588, '17:47', '17-18'),
(589, '17:48', '17-18'),
(590, '17:49', '17-18'),
(591, '17:50', '17-18'),
(592, '17:51', '17-18'),
(593, '17:52', '17-18'),
(594, '17:53', '17-18'),
(595, '17:54', '17-18'),
(596, '17:55', '17-18'),
(597, '17:56', '17-18'),
(598, '17:57', '17-18'),
(599, '17:58', '17-18'),
(600, '17:59', '17-18'),
(601, '18:00', '18-19'),
(602, '18:01', '18-19'),
(603, '18:02', '18-19'),
(604, '18:03', '18-19'),
(605, '18:04', '18-19'),
(606, '18:05', '18-19'),
(607, '18:06', '18-19'),
(608, '18:07', '18-19'),
(609, '18:08', '18-19'),
(610, '18:09', '18-19'),
(611, '18:10', '18-19'),
(612, '18:11', '18-19'),
(613, '18:12', '18-19'),
(614, '18:13', '18-19'),
(615, '18:14', '18-19'),
(616, '18:15', '18-19'),
(617, '18:16', '18-19'),
(618, '18:17', '18-19'),
(619, '18:18', '18-19'),
(620, '18:19', '18-19'),
(621, '18:20', '18-19'),
(622, '18:21', '18-19'),
(623, '18:22', '18-19'),
(624, '18:23', '18-19'),
(625, '18:24', '18-19'),
(626, '18:25', '18-19'),
(627, '18:26', '18-19'),
(628, '18:27', '18-19'),
(629, '18:28', '18-19'),
(630, '18:29', '18-19'),
(631, '18:30', '18-19'),
(632, '18:31', '18-19'),
(633, '18:32', '18-19'),
(634, '18:33', '18-19'),
(635, '18:34', '18-19'),
(636, '18:35', '18-19'),
(637, '18:36', '18-19'),
(638, '18:37', '18-19'),
(639, '18:38', '18-19'),
(640, '18:39', '18-19'),
(641, '18:40', '18-19'),
(642, '18:41', '18-19'),
(643, '18:42', '18-19'),
(644, '18:43', '18-19'),
(645, '18:44', '18-19'),
(646, '18:45', '18-19'),
(647, '18:46', '18-19'),
(648, '18:47', '18-19'),
(649, '18:48', '18-19'),
(650, '18:49', '18-19'),
(651, '18:50', '18-19'),
(652, '18:51', '18-19'),
(653, '18:52', '18-19'),
(654, '18:53', '18-19'),
(655, '18:54', '18-19'),
(656, '18:55', '18-19'),
(657, '18:56', '18-19'),
(658, '18:57', '18-19'),
(659, '18:58', '18-19'),
(660, '18:59', '18-19'),
(661, '19:00', '19-20'),
(662, '19:01', '19-20'),
(663, '19:02', '19-20'),
(664, '19:03', '19-20'),
(665, '19:04', '19-20'),
(666, '19:05', '19-20'),
(667, '19:06', '19-20'),
(668, '19:07', '19-20'),
(669, '19:08', '19-20'),
(670, '19:09', '19-20'),
(671, '19:10', '19-20'),
(672, '19:11', '19-20'),
(673, '19:12', '19-20'),
(674, '19:13', '19-20'),
(675, '19:14', '19-20'),
(676, '19:15', '19-20'),
(677, '19:16', '19-20'),
(678, '19:17', '19-20'),
(679, '19:18', '19-20'),
(680, '19:19', '19-20'),
(681, '19:20', '19-20'),
(682, '19:21', '19-20'),
(683, '19:22', '19-20'),
(684, '19:23', '19-20'),
(685, '19:24', '19-20'),
(686, '19:25', '19-20'),
(687, '19:26', '19-20'),
(688, '19:27', '19-20'),
(689, '19:28', '19-20'),
(690, '19:29', '19-20'),
(691, '19:30', '19-20'),
(692, '19:31', '19-20'),
(693, '19:32', '19-20'),
(694, '19:33', '19-20'),
(695, '19:34', '19-20'),
(696, '19:35', '19-20'),
(697, '19:36', '19-20'),
(698, '19:37', '19-20'),
(699, '19:38', '19-20'),
(700, '19:39', '19-20'),
(701, '19:40', '19-20'),
(702, '19:41', '19-20'),
(703, '19:42', '19-20'),
(704, '19:43', '19-20'),
(705, '19:44', '19-20'),
(706, '19:45', '19-20'),
(707, '19:46', '19-20'),
(708, '19:47', '19-20'),
(709, '19:48', '19-20'),
(710, '19:49', '19-20'),
(711, '19:50', '19-20'),
(712, '19:51', '19-20'),
(713, '19:52', '19-20'),
(714, '19:53', '19-20'),
(715, '19:54', '19-20'),
(716, '19:55', '19-20'),
(717, '19:56', '19-20'),
(718, '19:57', '19-20'),
(719, '19:58', '19-20'),
(720, '19:59', '19-20'),
(721, '20:00', '20-21'),
(722, '20:01', '20-21'),
(723, '20:02', '20-21'),
(724, '20:03', '20-21'),
(725, '20:04', '20-21'),
(726, '20:05', '20-21'),
(727, '20:06', '20-21'),
(728, '20:07', '20-21'),
(729, '20:08', '20-21'),
(730, '20:09', '20-21'),
(731, '20:10', '20-21'),
(732, '20:11', '20-21'),
(733, '20:12', '20-21'),
(734, '20:13', '20-21'),
(735, '20:14', '20-21'),
(736, '20:15', '20-21'),
(737, '20:16', '20-21'),
(738, '20:17', '20-21'),
(739, '20:18', '20-21'),
(740, '20:19', '20-21'),
(741, '20:20', '20-21'),
(742, '20:21', '20-21'),
(743, '20:22', '20-21'),
(744, '20:23', '20-21'),
(745, '20:24', '20-21'),
(746, '20:25', '20-21'),
(747, '20:26', '20-21'),
(748, '20:27', '20-21'),
(749, '20:28', '20-21'),
(750, '20:29', '20-21'),
(751, '20:30', '20-21'),
(752, '20:31', '20-21'),
(753, '20:32', '20-21'),
(754, '20:33', '20-21'),
(755, '20:34', '20-21'),
(756, '20:35', '20-21'),
(757, '20:36', '20-21'),
(758, '20:37', '20-21'),
(759, '20:38', '20-21'),
(760, '20:39', '20-21'),
(761, '20:40', '20-21'),
(762, '20:41', '20-21'),
(763, '20:42', '20-21'),
(764, '20:43', '20-21'),
(765, '20:44', '20-21'),
(766, '20:45', '20-21'),
(767, '20:46', '20-21'),
(768, '20:47', '20-21'),
(769, '20:48', '20-21'),
(770, '20:49', '20-21'),
(771, '20:50', '20-21'),
(772, '20:51', '20-21'),
(773, '20:52', '20-21'),
(774, '20:53', '20-21'),
(775, '20:54', '20-21'),
(776, '20:55', '20-21'),
(777, '20:56', '20-21'),
(778, '20:57', '20-21'),
(779, '20:58', '20-21'),
(780, '20:59', '20-21'),
(781, '21:00', '21-22'),
(782, '21:01', '21-22'),
(783, '21:02', '21-22'),
(784, '21:03', '21-22'),
(785, '21:04', '21-22'),
(786, '21:05', '21-22'),
(787, '21:06', '21-22'),
(788, '21:07', '21-22'),
(789, '21:08', '21-22'),
(790, '21:09', '21-22'),
(791, '21:10', '21-22'),
(792, '21:11', '21-22'),
(793, '21:12', '21-22'),
(794, '21:13', '21-22'),
(795, '21:14', '21-22'),
(796, '21:15', '21-22'),
(797, '21:16', '21-22'),
(798, '21:17', '21-22'),
(799, '21:18', '21-22'),
(800, '21:19', '21-22'),
(801, '21:20', '21-22'),
(802, '21:21', '21-22'),
(803, '21:22', '21-22'),
(804, '21:23', '21-22'),
(805, '21:24', '21-22'),
(806, '21:25', '21-22'),
(807, '21:26', '21-22'),
(808, '21:27', '21-22'),
(809, '21:28', '21-22'),
(810, '21:29', '21-22'),
(811, '21:30', '21-22'),
(812, '21:31', '21-22'),
(813, '21:32', '21-22'),
(814, '21:33', '21-22'),
(815, '21:34', '21-22'),
(816, '21:35', '21-22'),
(817, '21:36', '21-22'),
(818, '21:37', '21-22'),
(819, '21:38', '21-22'),
(820, '21:39', '21-22'),
(821, '21:40', '21-22'),
(822, '21:41', '21-22'),
(823, '21:42', '21-22'),
(824, '21:43', '21-22'),
(825, '21:44', '21-22'),
(826, '21:45', '21-22'),
(827, '21:46', '21-22'),
(828, '21:47', '21-22'),
(829, '21:48', '21-22'),
(830, '21:49', '21-22'),
(831, '21:50', '21-22'),
(832, '21:51', '21-22'),
(833, '21:52', '21-22'),
(834, '21:53', '21-22'),
(835, '21:54', '21-22'),
(836, '21:55', '21-22'),
(837, '21:56', '21-22'),
(838, '21:57', '21-22'),
(839, '21:58', '21-22'),
(840, '21:59', '21-22'),
(841, '22:00', '22-23'),
(842, '22:01', '22-23'),
(843, '22:02', '22-23'),
(844, '22:03', '22-23'),
(845, '22:04', '22-23'),
(846, '22:05', '22-23'),
(847, '22:06', '22-23'),
(848, '22:07', '22-23'),
(849, '22:08', '22-23'),
(850, '22:09', '22-23'),
(851, '22:10', '22-23'),
(852, '22:11', '22-23'),
(853, '22:12', '22-23'),
(854, '22:13', '22-23'),
(855, '22:14', '22-23'),
(856, '22:15', '22-23'),
(857, '22:16', '22-23'),
(858, '22:17', '22-23'),
(859, '22:18', '22-23'),
(860, '22:19', '22-23'),
(861, '22:20', '22-23'),
(862, '22:21', '22-23'),
(863, '22:22', '22-23'),
(864, '22:23', '22-23'),
(865, '22:24', '22-23'),
(866, '22:25', '22-23'),
(867, '22:26', '22-23'),
(868, '22:27', '22-23'),
(869, '22:28', '22-23'),
(870, '22:29', '22-23'),
(871, '22:30', '22-23'),
(872, '22:31', '22-23'),
(873, '22:32', '22-23'),
(874, '22:33', '22-23'),
(875, '22:34', '22-23'),
(876, '22:35', '22-23'),
(877, '22:36', '22-23'),
(878, '22:37', '22-23'),
(879, '22:38', '22-23'),
(880, '22:39', '22-23'),
(881, '22:40', '22-23'),
(882, '22:41', '22-23'),
(883, '22:42', '22-23'),
(884, '22:43', '22-23'),
(885, '22:44', '22-23'),
(886, '22:45', '22-23'),
(887, '22:46', '22-23'),
(888, '22:47', '22-23'),
(889, '22:48', '22-23'),
(890, '22:49', '22-23'),
(891, '22:50', '22-23'),
(892, '22:51', '22-23'),
(893, '22:52', '22-23'),
(894, '22:53', '22-23'),
(895, '22:54', '22-23'),
(896, '22:55', '22-23'),
(897, '22:56', '22-23'),
(898, '22:57', '22-23'),
(899, '22:58', '22-23'),
(900, '22:59', '22-23'),
(901, '23:00', '23-24'),
(902, '23:01', '23-24'),
(903, '23:02', '23-24'),
(904, '23:03', '23-24'),
(905, '23:04', '23-24'),
(906, '23:05', '23-24'),
(907, '23:06', '23-24'),
(908, '23:07', '23-24'),
(909, '23:08', '23-24'),
(910, '23:09', '23-24'),
(911, '23:10', '23-24'),
(912, '23:11', '23-24'),
(913, '23:12', '23-24'),
(914, '23:13', '23-24'),
(915, '23:14', '23-24'),
(916, '23:15', '23-24'),
(917, '23:16', '23-24'),
(918, '23:17', '23-24'),
(919, '23:18', '23-24'),
(920, '23:19', '23-24'),
(921, '23:20', '23-24'),
(922, '23:21', '23-24'),
(923, '23:22', '23-24'),
(924, '23:23', '23-24'),
(925, '23:24', '23-24'),
(926, '23:25', '23-24'),
(927, '23:26', '23-24'),
(928, '23:27', '23-24'),
(929, '23:28', '23-24'),
(930, '23:29', '23-24'),
(931, '23:30', '23-24'),
(932, '23:31', '23-24'),
(933, '23:32', '23-24'),
(934, '23:33', '23-24'),
(935, '23:34', '23-24'),
(936, '23:35', '23-24'),
(937, '23:36', '23-24'),
(938, '23:37', '23-24'),
(939, '23:38', '23-24'),
(940, '23:39', '23-24'),
(941, '23:40', '23-24'),
(942, '23:41', '23-24'),
(943, '23:42', '23-24'),
(944, '23:43', '23-24'),
(945, '23:44', '23-24'),
(946, '23:45', '23-24'),
(947, '23:46', '23-24'),
(948, '23:47', '23-24'),
(949, '23:48', '23-24'),
(950, '23:49', '23-24'),
(951, '23:50', '23-24'),
(952, '23:51', '23-24'),
(953, '23:52', '23-24'),
(954, '23:53', '23-24'),
(955, '23:54', '23-24'),
(956, '23:55', '23-24'),
(957, '23:56', '23-24'),
(958, '23:57', '23-24'),
(959, '23:58', '23-24'),
(960, '23:59', '23-24');





-- STOCK --

INSERT INTO stock (id_producto, cantidad_actual, fecha_actualizacion) VALUES
(3, 80, '2025-10-02'),
(4, 84, '2025-10-22'),
(5, 88, '2025-10-08'),
(6, 85, '2025-10-10'),
(7, 80, '2025-10-30'),
(8, 84, '2025-10-13'),
(9, 88, '2025-10-29'),
(10, 83, '2025-10-09'),
(11, 88, '2025-10-20'),
(12, 82, '2025-10-27'),
(13, 80, '2025-10-28'),
(14, 84, '2025-10-23'),
(15, 89, '2025-10-04'),
(16, 87, '2025-10-28'),
(17, 90, '2025-10-26'),
(18, 83, '2025-10-25'),
(19, 83, '2025-10-11'),
(20, 88, '2025-10-30'),
(21, 84, '2025-10-28'),
(22, 89, '2025-10-19'),
(23, 82, '2025-10-21'),
(24, 85, '2025-10-25'),
(25, 83, '2025-10-28'),
(26, 82, '2025-10-14'),
(27, 85, '2025-10-18'),
(28, 86, '2025-10-19'),
(29, 85, '2025-10-14'),
(30, 87, '2025-10-14');



-- MOVIMIENTO STOCK --
INSERT INTO movimiento_stock (id_producto, tipo_movimiento, cantidad, descripcion, fecha)
VALUES
-- INGRESOS (compras o reposiciones)
(5, 'INGRESO', 10, 'Compra de materia prima', '2025-10-01 10:15:00'),
(8, 'INGRESO', 8, 'Reposición por bajo stock', '2025-10-03 14:20:00'),
(12, 'INGRESO', 12, 'Compra semanal a proveedor', '2025-10-05 09:30:00'),
(16, 'INGRESO', 20, 'Compra de productos de almacén', '2025-10-07 15:10:00'),
(19, 'INGRESO', 15, 'Recepción de pedido proveedor local', '2025-10-09 11:45:00'),
(23, 'INGRESO', 25, 'Stock inicial sucursal Quilmes', '2025-10-10 13:00:00'),
(27, 'INGRESO', 10, 'Ingreso de mercadería de temporada', '2025-10-12 16:30:00'),
(30, 'INGRESO', 30, 'Compra mayorista', '2025-10-15 09:10:00'),

-- EGRESOS (ventas)
(5, 'EGRESO', 3, 'Venta ticket #455', '2025-10-16 11:20:00'),
(8, 'EGRESO', 2, 'Venta ticket #456', '2025-10-17 17:15:00'),
(12, 'EGRESO', 5, 'Venta ticket #457', '2025-10-18 19:00:00'),
(16, 'EGRESO', 4, 'Venta ticket #458', '2025-10-19 20:45:00'),
(19, 'EGRESO', 2, 'Venta ticket #459', '2025-10-20 18:10:00'),
(23, 'EGRESO', 3, 'Venta ticket #460', '2025-10-21 09:25:00'),
(27, 'EGRESO', 1, 'Venta ticket #461', '2025-10-22 15:30:00'),
(30, 'EGRESO', 6, 'Venta ticket #462', '2025-10-23 12:40:00');


-- VENTA


INSERT INTO venta (id_ticket, id_producto, fecha, hora, cantidad) VALUES
(455, 3, '2025-07-21', '13:39', 3),
(455, 37, '2025-07-21', '13:39', 1),
(455, 49, '2025-07-21', '13:39', 3),
(455, 70, '2025-07-21', '13:39', 3),
(456, 1, '2025-09-10', '21:35', 1),
(456, 8, '2025-09-10', '21:35', 1),
(456, 16, '2025-09-10', '21:35', 2),
(457, 13, '2025-08-16', '11:49', 2),
(457, 18, '2025-08-16', '11:49', 4),
(457, 26, '2025-08-16', '11:49', 1),
(457, 106, '2025-08-16', '11:49', 1),
(457, 131, '2025-08-16', '11:49', 3),
(458, 28, '2025-08-31', '17:59', 4),
(458, 70, '2025-08-31', '17:59', 1),
(458, 90, '2025-08-31', '17:59', 2),
(458, 93, '2025-08-31', '17:59', 4),
(458, 100, '2025-08-31', '17:59', 3),
(459, 8, '2025-07-14', '09:50', 2),
(459, 34, '2025-07-14', '09:50', 2),
(460, 16, '2025-07-19', '12:12', 3),
(460, 95, '2025-07-19', '12:12', 3),
(460, 97, '2025-07-19', '12:12', 2),
(460, 117, '2025-07-19', '12:12', 4),
(461, 11, '2025-08-23', '11:20', 3),
(461, 39, '2025-08-23', '11:20', 3),
(461, 98, '2025-08-23', '11:20', 3),
(461, 117, '2025-08-23', '11:20', 1),
(462, 11, '2025-08-17', '21:49', 3),
(463, 28, '2025-09-11', '17:39', 4),
(463, 51, '2025-09-11', '17:39', 2),
(463, 101, '2025-09-11', '17:39', 3),
(463, 109, '2025-09-11', '17:39', 4),
(464, 65, '2025-08-03', '14:48', 2),
(465, 2, '2025-07-18', '22:27', 1),
(466, 89, '2025-07-12', '18:28', 1),
(467, 8, '2025-09-05', '18:31', 3),
(468, 96, '2025-09-25', '15:33', 4),
(469, 81, '2025-07-10', '20:12', 2),
(469, 87, '2025-07-10', '20:12', 3),
(469, 92, '2025-07-10', '20:12', 2),
(469, 113, '2025-07-10', '20:12', 3),
(470, 39, '2025-08-20', '13:05', 2),
(470, 50, '2025-08-20', '13:05', 1),
(470, 90, '2025-08-20', '13:05', 3),
(470, 114, '2025-08-20', '13:05', 4),
(471, 83, '2025-08-08', '09:48', 4),
(471, 121, '2025-08-08', '09:48', 4),
(472, 53, '2025-08-01', '19:44', 3),
(472, 55, '2025-08-01', '19:44', 3),
(472, 68, '2025-08-01', '19:44', 1),
(472, 84, '2025-08-01', '19:44', 4),
(473, 119, '2025-07-26', '18:28', 4),
(474, 28, '2025-08-27', '23:55', 3),
(474, 93, '2025-08-27', '23:55', 4),
(475, 63, '2025-08-16', '12:27', 1),
(475, 78, '2025-08-16', '12:27', 1),
(475, 94, '2025-08-16', '12:27', 1),
(475, 95, '2025-08-16', '12:27', 3),
(476, 6, '2025-08-26', '21:26', 1),
(476, 36, '2025-08-26', '21:26', 1),
(476, 44, '2025-08-26', '21:26', 1),
(476, 69, '2025-08-26', '21:26', 4),
(476, 79, '2025-08-26', '21:26', 1),
(477, 101, '2025-07-09', '21:51', 3),
(477, 108, '2025-07-09', '21:51', 4),
(477, 115, '2025-07-09', '21:51', 2),
(478, 2, '2025-08-10', '23:08', 1),
(478, 35, '2025-08-10', '23:08', 1),
(478, 37, '2025-08-10', '23:08', 4),
(478, 78, '2025-08-10', '23:08', 4),
(478, 111, '2025-08-10', '23:08', 4),
(479, 61, '2025-09-10', '10:21', 4),
(479, 70, '2025-09-10', '10:21', 4),
(479, 83, '2025-09-10', '10:21', 3),
(480, 17, '2025-09-11', '17:51', 1),
(480, 60, '2025-09-11', '17:51', 4),
(480, 63, '2025-09-11', '17:51', 2),
(480, 94, '2025-09-11', '17:51', 3),
(480, 97, '2025-09-11', '17:51', 3),
(481, 1, '2025-08-07', '19:28', 2),
(481, 2, '2025-08-07', '19:28', 4),
(481, 54, '2025-08-07', '19:28', 3),
(482, 33, '2025-09-02', '09:12', 4),
(483, 5, '2025-07-31', '14:03', 1),
(483, 28, '2025-07-31', '14:03', 4),
(483, 96, '2025-07-31', '14:03', 3),
(484, 93, '2025-07-09', '16:47', 4),
(485, 7, '2025-09-15', '18:01', 1),
(485, 51, '2025-09-15', '18:01', 4),
(485, 58, '2025-09-15', '18:01', 4),
(486, 14, '2025-08-04', '21:21', 1),
(486, 58, '2025-08-04', '21:21', 1),
(486, 111, '2025-08-04', '21:21', 1),
(486, 120, '2025-08-04', '21:21', 1),
(487, 30, '2025-08-10', '11:22', 2),
(487, 44, '2025-08-10', '11:22', 1),
(487, 47, '2025-08-10', '11:22', 3),
(488, 3, '2025-07-25', '22:21', 3),
(488, 35, '2025-07-25', '22:21', 2),
(488, 37, '2025-07-25', '22:21', 1),
(488, 103, '2025-07-25', '22:21', 1),
(488, 111, '2025-07-25', '22:21', 3),
(489, 44, '2025-07-12', '09:52', 4),
(489, 52, '2025-07-12', '09:52', 3),
(489, 54, '2025-07-12', '09:52', 1),
(489, 116, '2025-07-12', '09:52', 1),
(490, 1, '2025-07-04', '16:18', 3),
(490, 27, '2025-07-04', '16:18', 3),
(490, 79, '2025-07-04', '16:18', 2),
(490, 102, '2025-07-04', '16:18', 1),
(491, 115, '2025-07-11', '16:31', 1),
(492, 10, '2025-09-20', '18:31', 4),
(492, 15, '2025-09-20', '18:31', 4),
(492, 94, '2025-09-20', '18:31', 4),
(492, 100, '2025-09-20', '18:31', 2),
(493, 35, '2025-07-02', '16:31', 3),
(494, 50, '2025-07-19', '20:30', 2),
(494, 112, '2025-07-19', '20:30', 2),
(494, 120, '2025-07-19', '20:30', 4),
(495, 15, '2025-07-09', '13:39', 2),
(495, 21, '2025-07-09', '13:39', 2),
(495, 53, '2025-07-09', '13:39', 1),
(495, 120, '2025-07-09', '13:39', 3),
(495, 122, '2025-07-09', '13:39', 3),
(496, 104, '2025-08-26', '10:43', 2),
(497, 76, '2025-09-25', '22:55', 2),
(498, 10, '2025-09-21', '15:44', 1),
(498, 28, '2025-09-21', '15:44', 2),
(498, 48, '2025-09-21', '15:44', 2),
(499, 40, '2025-08-16', '10:13', 4),
(499, 114, '2025-08-16', '10:13', 1),
(500, 5, '2025-09-02', '15:32', 1),
(500, 6, '2025-09-02', '15:32', 1),
(500, 21, '2025-09-02', '15:32', 2),
(500, 96, '2025-09-02', '15:32', 4),
(500, 103, '2025-09-02', '15:32', 3),
(501, 60, '2025-08-25', '19:42', 4),
(501, 68, '2025-08-25', '19:42', 4),
(501, 69, '2025-08-25', '19:42', 4),
(501, 82, '2025-08-25', '19:42', 4),
(501, 97, '2025-08-25', '19:42', 2),
(502, 62, '2025-07-08', '19:52', 4),
(502, 68, '2025-07-08', '19:52', 2),
(503, 26, '2025-08-20', '17:59', 4),
(504, 39, '2025-07-17', '17:08', 3),
(504, 88, '2025-07-17', '17:08', 3),
(504, 107, '2025-07-17', '17:08', 4),
(505, 92, '2025-09-19', '18:48', 1),
(505, 99, '2025-09-19', '18:48', 3),
(506, 83, '2025-07-18', '15:59', 3),
(507, 98, '2025-08-20', '12:47', 1),
(508, 34, '2025-09-05', '11:23', 2),
(508, 79, '2025-09-05', '11:23', 4),
(508, 87, '2025-09-05', '11:23', 1),
(508, 93, '2025-09-05', '11:23', 3),
(508, 97, '2025-09-05', '11:23', 4),
(509, 1, '2025-07-26', '13:50', 3),
(509, 91, '2025-07-26', '13:50', 2),
(509, 113, '2025-07-26', '13:50', 1),
(510, 123, '2025-08-21', '22:00', 2),
(511, 91, '2025-08-31', '12:32', 3),
(511, 110, '2025-08-31', '12:32', 2),
(511, 112, '2025-08-31', '12:32', 3),
(512, 44, '2025-08-04', '09:11', 4),
(512, 47, '2025-08-04', '09:11', 2),
(512, 60, '2025-08-04', '09:11', 3),
(512, 68, '2025-08-04', '09:11', 4),
(512, 106, '2025-08-04', '09:11', 1),
(513, 27, '2025-08-21', '20:45', 3),
(513, 90, '2025-08-21', '20:45', 3),
(514, 31, '2025-08-11', '23:57', 1),
(514, 35, '2025-08-11', '23:57', 2),
(514, 38, '2025-08-11', '23:57', 3),
(514, 81, '2025-08-11', '23:57', 2),
(514, 118, '2025-08-11', '23:57', 4),
(515, 63, '2025-08-18', '08:50', 2),
(515, 80, '2025-08-18', '08:50', 4),
(515, 112, '2025-08-18', '08:50', 4),
(516, 3, '2025-07-27', '17:32', 1),
(516, 22, '2025-07-27', '17:32', 1),
(516, 30, '2025-07-27', '17:32', 2),
(517, 12, '2025-07-20', '18:14', 4),
(517, 34, '2025-07-20', '18:14', 1),
(517, 43, '2025-07-20', '18:14', 4),
(517, 51, '2025-07-20', '18:14', 1),
(517, 104, '2025-07-20', '18:14', 3),
(518, 52, '2025-08-14', '10:37', 1),
(518, 75, '2025-08-14', '10:37', 2),
(518, 97, '2025-08-14', '10:37', 2),
(518, 102, '2025-08-14', '10:37', 4),
(519, 41, '2025-08-05', '13:24', 2),
(519, 69, '2025-08-05', '13:24', 4),
(519, 83, '2025-08-05', '13:24', 2),
(520, 23, '2025-09-27', '21:02', 4),
(521, 45, '2025-07-21', '14:18', 2),
(521, 119, '2025-07-21', '14:18', 4),
(522, 58, '2025-09-24', '15:43', 1),
(522, 99, '2025-09-24', '15:43', 2),
(522, 126, '2025-09-24', '15:43', 2),
(523, 4, '2025-08-29', '11:56', 4),
(523, 6, '2025-08-29', '11:56', 4),
(523, 26, '2025-08-29', '11:56', 3),
(523, 84, '2025-08-29', '11:56', 2),
(523, 105, '2025-08-29', '11:56', 4),
(524, 81, '2025-07-10', '10:23', 1),
(525, 26, '2025-08-05', '13:44', 3),
(525, 52, '2025-08-05', '13:44', 2),
(525, 95, '2025-08-05', '13:44', 1),
(526, 62, '2025-08-31', '12:52', 2),
(526, 119, '2025-08-31', '12:52', 3),
(526, 123, '2025-08-31', '12:52', 1),
(527, 8, '2025-08-28', '18:41', 1),
(527, 40, '2025-08-28', '18:41', 2),
(527, 93, '2025-08-28', '18:41', 1),
(527, 116, '2025-08-28', '18:41', 3),
(527, 125, '2025-08-28', '18:41', 4),
(528, 8, '2025-09-11', '22:11', 1),
(528, 13, '2025-09-11', '22:11', 2),
(528, 55, '2025-09-11', '22:11', 2),
(528, 115, '2025-09-11', '22:11', 3),
(529, 9, '2025-07-03', '17:52', 2),
(529, 51, '2025-07-03', '17:52', 2),
(529, 60, '2025-07-03', '17:52', 1),
(529, 116, '2025-07-03', '17:52', 3),
(529, 126, '2025-07-03', '17:52', 1),
(530, 2, '2025-08-05', '12:04', 1),
(530, 3, '2025-08-05', '12:04', 2),
(530, 17, '2025-08-05', '12:04', 3),
(530, 48, '2025-08-05', '12:04', 3),
(530, 132, '2025-08-05', '12:04', 4),
(531, 9, '2025-08-12', '19:12', 2),
(532, 17, '2025-07-17', '19:24', 1),
(532, 68, '2025-07-17', '19:24', 1),
(532, 98, '2025-07-17', '19:24', 2),
(532, 110, '2025-07-17', '19:24', 3),
(532, 115, '2025-07-17', '19:24', 2),
(533, 31, '2025-08-09', '16:23', 2),
(533, 35, '2025-08-09', '16:23', 2),
(533, 70, '2025-08-09', '16:23', 3),
(533, 118, '2025-08-09', '16:23', 4),
(534, 15, '2025-09-11', '09:47', 1),
(534, 36, '2025-09-11', '09:47', 3),
(534, 67, '2025-09-11', '09:47', 3),
(534, 107, '2025-09-11', '09:47', 1),
(535, 5, '2025-08-19', '17:48', 3),
(535, 25, '2025-08-19', '17:48', 4),
(535, 32, '2025-08-19', '17:48', 1),
(535, 67, '2025-08-19', '17:48', 1),
(536, 79, '2025-09-18', '15:09', 3),
(536, 86, '2025-09-18', '15:09', 3),
(536, 120, '2025-09-18', '15:09', 3),
(537, 112, '2025-09-08', '15:46', 4),
(538, 60, '2025-09-25', '20:52', 3),
(538, 131, '2025-09-25', '20:52', 4),
(539, 1, '2025-07-24', '21:21', 1),
(539, 41, '2025-07-24', '21:21', 1),
(539, 74, '2025-07-24', '21:21', 1),
(540, 33, '2025-08-08', '10:50', 3),
(541, 6, '2025-08-19', '21:17', 4),
(542, 59, '2025-08-27', '16:55', 2),
(542, 75, '2025-08-27', '16:55', 2),
(542, 83, '2025-08-27', '16:55', 3),
(542, 89, '2025-08-27', '16:55', 1),
(542, 111, '2025-08-27', '16:55', 1),
(543, 43, '2025-08-21', '10:34', 3),
(543, 69, '2025-08-21', '10:34', 3),
(543, 128, '2025-08-21', '10:34', 4),
(543, 132, '2025-08-21', '10:34', 2),
(544, 17, '2025-09-04', '16:39', 4),
(544, 43, '2025-09-04', '16:39', 2),
(544, 67, '2025-09-04', '16:39', 3),
(544, 105, '2025-09-04', '16:39', 1),
(544, 119, '2025-09-04', '16:39', 4),
(545, 48, '2025-07-24', '18:16', 3),
(545, 65, '2025-07-24', '18:16', 1),
(545, 107, '2025-07-24', '18:16', 3),
(545, 118, '2025-07-24', '18:16', 3),
(546, 40, '2025-07-25', '15:49', 4),
(546, 57, '2025-07-25', '15:49', 3),
(547, 2, '2025-07-11', '11:51', 4),
(548, 33, '2025-09-13', '09:04', 4),
(548, 56, '2025-09-13', '09:04', 4),
(548, 58, '2025-09-13', '09:04', 2),
(548, 89, '2025-09-13', '09:04', 3),
(548, 127, '2025-09-13', '09:04', 4),
(549, 11, '2025-07-10', '16:17', 3),
(549, 69, '2025-07-10', '16:17', 3),
(550, 9, '2025-09-01', '21:35', 1),
(550, 20, '2025-09-01', '21:35', 3),
(550, 46, '2025-09-01', '21:35', 2),
(550, 99, '2025-09-01', '21:35', 4),
(551, 1, '2025-08-16', '19:48', 3),
(551, 65, '2025-08-16', '19:48', 3),
(551, 85, '2025-08-16', '19:48', 1),
(552, 10, '2025-09-17', '21:50', 1),
(552, 32, '2025-09-17', '21:50', 2),
(552, 35, '2025-09-17', '21:50', 4),
(552, 95, '2025-09-17', '21:50', 2),
(553, 85, '2025-08-30', '14:46', 4),
(554, 7, '2025-08-19', '16:27', 3),
(554, 45, '2025-08-19', '16:27', 3),
(554, 74, '2025-08-19', '16:27', 1),
(554, 77, '2025-08-19', '16:27', 2),
(554, 107, '2025-08-19', '16:27', 4),
(555, 43, '2025-08-05', '13:44', 4),
(555, 50, '2025-08-05', '13:44', 1),
(555, 75, '2025-08-05', '13:44', 1),
(555, 87, '2025-08-05', '13:44', 2),
(555, 103, '2025-08-05', '13:44', 1),
(556, 114, '2025-09-03', '23:17', 4),
(557, 132, '2025-07-28', '18:56', 4),
(558, 22, '2025-09-07', '20:11', 1),
(558, 62, '2025-09-07', '20:11', 4),
(558, 66, '2025-09-07', '20:11', 2),
(559, 53, '2025-08-13', '13:39', 1),
(559, 68, '2025-08-13', '13:39', 2),
(559, 96, '2025-08-13', '13:39', 1),
(560, 8, '2025-07-18', '09:54', 3),
(560, 14, '2025-07-18', '09:54', 3),
(560, 28, '2025-07-18', '09:54', 1),
(560, 41, '2025-07-18', '09:54', 2),
(560, 114, '2025-07-18', '09:54', 3),
(561, 14, '2025-07-24', '17:13', 3),
(561, 33, '2025-07-24', '17:13', 3),
(562, 7, '2025-07-22', '23:02', 3),
(562, 121, '2025-07-22', '23:02', 2),
(563, 57, '2025-09-15', '16:17', 2),
(563, 72, '2025-09-15', '16:17', 2),
(563, 111, '2025-09-15', '16:17', 4),
(563, 114, '2025-09-15', '16:17', 1),
(563, 118, '2025-09-15', '16:17', 4),
(564, 9, '2025-07-13', '22:34', 1),
(564, 84, '2025-07-13', '22:34', 1),
(564, 90, '2025-07-13', '22:34', 3),
(564, 97, '2025-07-13', '22:34', 2),
(564, 109, '2025-07-13', '22:34', 1),
(565, 49, '2025-07-07', '10:22', 4),
(565, 63, '2025-07-07', '10:22', 1),
(566, 30, '2025-08-17', '20:26', 1),
(566, 36, '2025-08-17', '20:26', 4),
(566, 46, '2025-08-17', '20:26', 2),
(567, 61, '2025-08-11', '18:03', 2),
(568, 14, '2025-08-18', '14:20', 4),
(568, 21, '2025-08-18', '14:20', 1),
(568, 48, '2025-08-18', '14:20', 4),
(568, 93, '2025-08-18', '14:20', 2),
(568, 125, '2025-08-18', '14:20', 4),
(569, 7, '2025-08-23', '11:23', 1),
(569, 10, '2025-08-23', '11:23', 1),
(569, 69, '2025-08-23', '11:23', 4),
(569, 115, '2025-08-23', '11:23', 4),
(569, 118, '2025-08-23', '11:23', 4),
(570, 5, '2025-08-15', '14:02', 1),
(570, 65, '2025-08-15', '14:02', 3),
(570, 73, '2025-08-15', '14:02', 4),
(571, 103, '2025-09-11', '11:43', 1),
(571, 115, '2025-09-11', '11:43', 1),
(572, 50, '2025-08-21', '09:48', 4),
(573, 62, '2025-07-06', '18:50', 1),
(574, 76, '2025-09-03', '11:28', 2),
(574, 81, '2025-09-03', '11:28', 1),
(574, 109, '2025-09-03', '11:28', 2),
(575, 34, '2025-08-08', '19:07', 2),
(575, 79, '2025-08-08', '19:07', 2),
(575, 111, '2025-08-08', '19:07', 4),
(576, 59, '2025-09-20', '13:56', 1),
(576, 74, '2025-09-20', '13:56', 4),
(576, 80, '2025-09-20', '13:56', 2),
(576, 115, '2025-09-20', '13:56', 1),
(576, 120, '2025-09-20', '13:56', 2),
(577, 59, '2025-07-08', '14:20', 3),
(577, 78, '2025-07-08', '14:20', 1),
(577, 103, '2025-07-08', '14:20', 4),
(577, 105, '2025-07-08', '14:20', 2),
(577, 107, '2025-07-08', '14:20', 1),
(578, 14, '2025-07-09', '13:43', 1),
(579, 5, '2025-09-03', '15:22', 1),
(579, 19, '2025-09-03', '15:22', 4),
(579, 38, '2025-09-03', '15:22', 4),
(580, 58, '2025-09-14', '10:36', 3),
(580, 64, '2025-09-14', '10:36', 3),
(580, 69, '2025-09-14', '10:36', 3),
(580, 83, '2025-09-14', '10:36', 3),
(580, 95, '2025-09-14', '10:36', 1),
(581, 55, '2025-09-19', '09:55', 1),
(581, 69, '2025-09-19', '09:55', 1),
(581, 82, '2025-09-19', '09:55', 2),
(581, 106, '2025-09-19', '09:55', 4),
(582, 21, '2025-08-13', '22:28', 2),
(582, 38, '2025-08-13', '22:28', 4),
(582, 69, '2025-08-13', '22:28', 1),
(582, 103, '2025-08-13', '22:28', 4),
(582, 124, '2025-08-13', '22:28', 4),
(583, 24, '2025-09-19', '19:48', 3),
(583, 27, '2025-09-19', '19:48', 3),
(583, 112, '2025-09-19', '19:48', 2),
(584, 67, '2025-08-04', '22:02', 3),
(584, 76, '2025-08-04', '22:02', 3),
(584, 98, '2025-08-04', '22:02', 4),
(584, 103, '2025-08-04', '22:02', 1),
(584, 111, '2025-08-04', '22:02', 3),
(585, 3, '2025-07-24', '08:06', 1),
(585, 27, '2025-07-24', '08:06', 4),
(585, 36, '2025-07-24', '08:06', 4),
(585, 39, '2025-07-24', '08:06', 3),
(585, 57, '2025-07-24', '08:06', 1),
(586, 61, '2025-09-05', '22:59', 2),
(586, 63, '2025-09-05', '22:59', 1),
(586, 118, '2025-09-05', '22:59', 2),
(586, 127, '2025-09-05', '22:59', 3),
(587, 55, '2025-09-01', '08:09', 1),
(587, 58, '2025-09-01', '08:09', 4),
(587, 95, '2025-09-01', '08:09', 4),
(587, 118, '2025-09-01', '08:09', 1),
(587, 119, '2025-09-01', '08:09', 1),
(588, 99, '2025-08-12', '12:55', 3),
(589, 33, '2025-08-20', '21:46', 4),
(589, 48, '2025-08-20', '21:46', 3),
(589, 66, '2025-08-20', '21:46', 1),
(589, 103, '2025-08-20', '21:46', 2),
(590, 19, '2025-07-17', '10:54', 3),
(591, 60, '2025-07-13', '16:29', 4),
(592, 64, '2025-07-30', '19:57', 4),
(592, 82, '2025-07-30', '19:57', 1),
(592, 99, '2025-07-30', '19:57', 4),
(592, 103, '2025-07-30', '19:57', 4),
(592, 105, '2025-07-30', '19:57', 3),
(593, 11, '2025-08-11', '15:28', 2),
(593, 37, '2025-08-11', '15:28', 1),
(593, 75, '2025-08-11', '15:28', 1),
(594, 55, '2025-09-07', '11:45', 1),
(595, 35, '2025-08-28', '15:10', 4),
(595, 95, '2025-08-28', '15:10', 3),
(595, 97, '2025-08-28', '15:10', 2),
(596, 73, '2025-07-28', '13:38', 1),
(597, 8, '2025-09-04', '12:07', 3),
(597, 14, '2025-09-04', '12:07', 2),
(597, 25, '2025-09-04', '12:07', 3),
(597, 26, '2025-09-04', '12:07', 2),
(597, 106, '2025-09-04', '12:07', 3),
(598, 33, '2025-08-18', '11:26', 4),
(598, 42, '2025-08-18', '11:26', 4),
(598, 70, '2025-08-18', '11:26', 3),
(598, 109, '2025-08-18', '11:26', 4),
(599, 5, '2025-09-05', '16:13', 2),
(599, 28, '2025-09-05', '16:13', 3),
(599, 29, '2025-09-05', '16:13', 1),
(599, 49, '2025-09-05', '16:13', 1),
(599, 132, '2025-09-05', '16:13', 1),
(600, 6, '2025-08-29', '12:06', 4),
(600, 9, '2025-08-29', '12:06', 1),
(600, 50, '2025-08-29', '12:06', 1),
(601, 48, '2025-09-05', '16:53', 3),
(601, 53, '2025-09-05', '16:53', 4),
(602, 43, '2025-09-29', '21:40', 4),
(603, 41, '2025-07-01', '18:02', 2),
(604, 30, '2025-08-05', '19:57', 3),
(604, 46, '2025-08-05', '19:57', 3),
(604, 52, '2025-08-05', '19:57', 2),
(604, 65, '2025-08-05', '19:57', 1),
(604, 123, '2025-08-05', '19:57', 4),
(605, 2, '2025-09-18', '20:30', 2),
(605, 104, '2025-09-18', '20:30', 2),
(606, 19, '2025-08-07', '10:07', 1),
(606, 35, '2025-08-07', '10:07', 4),
(606, 41, '2025-08-07', '10:07', 3),
(606, 88, '2025-08-07', '10:07', 1),
(606, 94, '2025-08-07', '10:07', 4),
(607, 87, '2025-09-16', '11:04', 3),
(608, 54, '2025-09-17', '19:36', 4),
(608, 90, '2025-09-17', '19:36', 2),
(609, 84, '2025-07-09', '08:50', 4),
(610, 73, '2025-07-06', '14:44', 2),
(610, 76, '2025-07-06', '14:44', 3),
(610, 95, '2025-07-06', '14:44', 3),
(610, 118, '2025-07-06', '14:44', 2),
(610, 120, '2025-07-06', '14:44', 2),
(611, 29, '2025-07-07', '21:33', 1),
(611, 92, '2025-07-07', '21:33', 2),
(611, 98, '2025-07-07', '21:33', 3),
(612, 33, '2025-09-08', '11:21', 3),
(612, 45, '2025-09-08', '11:21', 4),
(612, 62, '2025-09-08', '11:21', 1),
(612, 108, '2025-09-08', '11:21', 4),
(613, 19, '2025-07-29', '23:11', 4),
(613, 29, '2025-07-29', '23:11', 4),
(613, 38, '2025-07-29', '23:11', 1),
(613, 117, '2025-07-29', '23:11', 1),
(614, 16, '2025-08-30', '11:40', 1),
(614, 30, '2025-08-30', '11:40', 1),
(614, 63, '2025-08-30', '11:40', 2),
(615, 76, '2025-07-08', '23:41', 2),
(615, 79, '2025-07-08', '23:41', 3),
(615, 95, '2025-07-08', '23:41', 4),
(616, 18, '2025-07-30', '18:07', 2),
(616, 88, '2025-07-30', '18:07', 1),
(616, 94, '2025-07-30', '18:07', 1),
(616, 127, '2025-07-30', '18:07', 3),
(617, 56, '2025-09-26', '11:16', 2),
(617, 59, '2025-09-26', '11:16', 4),
(617, 73, '2025-09-26', '11:16', 1),
(617, 86, '2025-09-26', '11:16', 3),
(617, 98, '2025-09-26', '11:16', 1),
(618, 100, '2025-08-27', '20:35', 1),
(619, 9, '2025-09-21', '14:30', 3),
(619, 56, '2025-09-21', '14:30', 1),
(619, 63, '2025-09-21', '14:30', 2),
(619, 128, '2025-09-21', '14:30', 4),
(620, 42, '2025-09-18', '17:39', 3),
(620, 66, '2025-09-18', '17:39', 4),
(621, 13, '2025-07-23', '10:08', 1),
(621, 36, '2025-07-23', '10:08', 4),
(621, 94, '2025-07-23', '10:08', 4),
(621, 103, '2025-07-23', '10:08', 1),
(622, 38, '2025-09-13', '10:44', 2),
(622, 50, '2025-09-13', '10:44', 2),
(622, 72, '2025-09-13', '10:44', 2),
(622, 73, '2025-09-13', '10:44', 2),
(622, 126, '2025-09-13', '10:44', 2),
(623, 14, '2025-09-14', '12:27', 2),
(623, 106, '2025-09-14', '12:27', 2),
(624, 61, '2025-07-09', '12:03', 2),
(624, 132, '2025-07-09', '12:03', 2),
(625, 17, '2025-07-07', '13:11', 3),
(626, 102, '2025-08-27', '15:37', 2),
(627, 53, '2025-08-17', '21:05', 3),
(627, 82, '2025-08-17', '21:05', 1),
(628, 43, '2025-08-31', '14:46', 4),
(628, 109, '2025-08-31', '14:46', 1),
(628, 125, '2025-08-31', '14:46', 1),
(629, 17, '2025-07-08', '23:58', 1),
(630, 5, '2025-09-28', '16:47', 3),
(630, 105, '2025-09-28', '16:47', 4),
(630, 108, '2025-09-28', '16:47', 3),
(631, 86, '2025-09-01', '21:30', 4),
(632, 24, '2025-08-14', '16:40', 1),
(632, 67, '2025-08-14', '16:40', 3),
(632, 118, '2025-08-14', '16:40', 4),
(633, 10, '2025-07-18', '15:29', 4),
(633, 24, '2025-07-18', '15:29', 1),
(633, 47, '2025-07-18', '15:29', 1),
(633, 85, '2025-07-18', '15:29', 2),
(633, 114, '2025-07-18', '15:29', 2),
(634, 49, '2025-09-23', '14:37', 1),
(634, 59, '2025-09-23', '14:37', 1),
(635, 3, '2025-07-15', '19:24', 2),
(635, 12, '2025-07-15', '19:24', 1),
(635, 99, '2025-07-15', '19:24', 4),
(636, 35, '2025-08-23', '16:02', 2),
(636, 39, '2025-08-23', '16:02', 1),
(636, 62, '2025-08-23', '16:02', 4),
(636, 93, '2025-08-23', '16:02', 3),
(637, 18, '2025-08-17', '08:43', 3),
(637, 87, '2025-08-17', '08:43', 1),
(637, 129, '2025-08-17', '08:43', 3),
(638, 35, '2025-07-19', '20:49', 3),
(639, 98, '2025-09-27', '23:09', 1),
(639, 112, '2025-09-27', '23:09', 3),
(640, 31, '2025-07-21', '20:02', 2),
(640, 76, '2025-07-21', '20:02', 3),
(641, 79, '2025-09-10', '10:52', 3),
(641, 86, '2025-09-10', '10:52', 2),
(641, 88, '2025-09-10', '10:52', 2),
(642, 36, '2025-07-25', '13:07', 4),
(642, 41, '2025-07-25', '13:07', 4),
(642, 64, '2025-07-25', '13:07', 1),
(642, 103, '2025-07-25', '13:07', 3),
(642, 104, '2025-07-25', '13:07', 4),
(643, 24, '2025-08-10', '08:01', 2),
(643, 71, '2025-08-10', '08:01', 1),
(643, 100, '2025-08-10', '08:01', 2),
(643, 112, '2025-08-10', '08:01', 1),
(644, 15, '2025-09-08', '13:34', 2),
(645, 3, '2025-09-18', '08:13', 3),
(645, 7, '2025-09-18', '08:13', 1),
(645, 99, '2025-09-18', '08:13', 3),
(645, 116, '2025-09-18', '08:13', 4),
(645, 123, '2025-09-18', '08:13', 2),
(646, 75, '2025-07-16', '15:22', 2),
(646, 89, '2025-07-16', '15:22', 3),
(646, 93, '2025-07-16', '15:22', 2),
(646, 102, '2025-07-16', '15:22', 4),
(646, 105, '2025-07-16', '15:22', 3),
(647, 14, '2025-07-12', '20:22', 3),
(647, 53, '2025-07-12', '20:22', 1),
(647, 88, '2025-07-12', '20:22', 2),
(648, 46, '2025-08-24', '22:11', 1),
(648, 50, '2025-08-24', '22:11', 3),
(648, 91, '2025-08-24', '22:11', 4),
(648, 108, '2025-08-24', '22:11', 2),
(649, 1, '2025-09-27', '08:53', 1),
(649, 35, '2025-09-27', '08:53', 2),
(649, 38, '2025-09-27', '08:53', 2),
(649, 88, '2025-09-27', '08:53', 2),
(649, 92, '2025-09-27', '08:53', 3),
(650, 73, '2025-09-10', '10:58', 4),
(650, 86, '2025-09-10', '10:58', 4),
(650, 106, '2025-09-10', '10:58', 3),
(650, 123, '2025-09-10', '10:58', 1),
(650, 129, '2025-09-10', '10:58', 1),
(651, 97, '2025-09-15', '18:38', 4),
(651, 111, '2025-09-15', '18:38', 3),
(651, 118, '2025-09-15', '18:38', 1),
(652, 40, '2025-07-04', '15:08', 3),
(652, 55, '2025-07-04', '15:08', 4),
(652, 73, '2025-07-04', '15:08', 3),
(652, 130, '2025-07-04', '15:08', 1),
(653, 73, '2025-07-20', '09:33', 4),
(653, 83, '2025-07-20', '09:33', 2),
(654, 19, '2025-08-26', '09:10', 1),
(654, 64, '2025-08-26', '09:10', 3),
(654, 88, '2025-08-26', '09:10', 3),
(654, 103, '2025-08-26', '09:10', 1),
(654, 113, '2025-08-26', '09:10', 3),
(655, 47, '2025-09-23', '10:18', 3),
(655, 51, '2025-09-23', '10:18', 3),
(655, 83, '2025-09-23', '10:18', 2),
(656, 49, '2025-08-16', '19:48', 3),
(656, 61, '2025-08-16', '19:48', 1),
(657, 106, '2025-08-02', '19:35', 2),
(657, 115, '2025-08-02', '19:35', 4),
(658, 99, '2025-07-31', '12:34', 2),
(659, 58, '2025-08-01', '10:41', 1),
(659, 83, '2025-08-01', '10:41', 3),
(659, 85, '2025-08-01', '10:41', 4),
(659, 119, '2025-08-01', '10:41', 2),
(660, 28, '2025-08-22', '08:17', 1),
(661, 49, '2025-07-14', '23:02', 3),
(661, 68, '2025-07-14', '23:02', 4),
(661, 100, '2025-07-14', '23:02', 2),
(662, 34, '2025-09-06', '15:57', 1),
(662, 42, '2025-09-06', '15:57', 2),
(662, 45, '2025-09-06', '15:57', 2),
(663, 39, '2025-09-11', '10:12', 2),
(663, 121, '2025-09-11', '10:12', 2),
(664, 28, '2025-07-26', '22:34', 3),
(664, 81, '2025-07-26', '22:34', 3),
(665, 66, '2025-07-28', '22:50', 4),
(665, 76, '2025-07-28', '22:50', 4),
(665, 107, '2025-07-28', '22:50', 4),
(665, 117, '2025-07-28', '22:50', 1),
(665, 121, '2025-07-28', '22:50', 4),
(666, 76, '2025-09-20', '12:46', 4),
(666, 98, '2025-09-20', '12:46', 2),
(666, 113, '2025-09-20', '12:46', 2),
(667, 65, '2025-07-16', '10:18', 3),
(667, 77, '2025-07-16', '10:18', 3),
(667, 101, '2025-07-16', '10:18', 1),
(667, 104, '2025-07-16', '10:18', 4),
(668, 16, '2025-08-10', '19:09', 3),
(668, 60, '2025-08-10', '19:09', 2),
(668, 63, '2025-08-10', '19:09', 4),
(668, 107, '2025-08-10', '19:09', 3),
(669, 66, '2025-07-20', '22:07', 3),
(669, 84, '2025-07-20', '22:07', 4),
(669, 86, '2025-07-20', '22:07', 4),
(669, 87, '2025-07-20', '22:07', 2),
(670, 10, '2025-09-20', '11:07', 1),
(671, 34, '2025-07-23', '21:13', 2),
(671, 43, '2025-07-23', '21:13', 4),
(671, 81, '2025-07-23', '21:13', 1),
(672, 120, '2025-07-15', '23:46', 4),
(673, 48, '2025-08-26', '20:23', 4),
(673, 101, '2025-08-26', '20:23', 3),
(674, 2, '2025-07-16', '23:09', 2),
(674, 82, '2025-07-16', '23:09', 4),
(674, 104, '2025-07-16', '23:09', 4),
(675, 23, '2025-08-28', '09:48', 1),
(675, 67, '2025-08-28', '09:48', 4),
(675, 94, '2025-08-28', '09:48', 2),
(676, 75, '2025-07-21', '14:43', 1),
(676, 102, '2025-07-21', '14:43', 3),
(677, 5, '2025-07-09', '18:27', 2),
(677, 60, '2025-07-09', '18:27', 2),
(677, 73, '2025-07-09', '18:27', 2),
(677, 96, '2025-07-09', '18:27', 2),
(677, 131, '2025-07-09', '18:27', 2),
(678, 61, '2025-08-28', '18:13', 2),
(678, 62, '2025-08-28', '18:13', 4),
(678, 99, '2025-08-28', '18:13', 3),
(679, 106, '2025-09-04', '11:45', 4),
(679, 119, '2025-09-04', '11:45', 1),
(680, 7, '2025-08-21', '18:25', 1),
(680, 55, '2025-08-21', '18:25', 2),
(680, 77, '2025-08-21', '18:25', 1),
(681, 5, '2025-07-19', '16:35', 2),
(681, 6, '2025-07-19', '16:35', 1),
(681, 49, '2025-07-19', '16:35', 1),
(681, 66, '2025-07-19', '16:35', 3),
(681, 132, '2025-07-19', '16:35', 1),
(682, 1, '2025-09-05', '10:23', 2),
(682, 60, '2025-09-05', '10:23', 3),
(682, 65, '2025-09-05', '10:23', 2),
(682, 77, '2025-09-05', '10:23', 3),
(683, 56, '2025-09-29', '21:14', 1),
(684, 70, '2025-07-28', '22:22', 1),
(684, 77, '2025-07-28', '22:22', 3),
(684, 86, '2025-07-28', '22:22', 3),
(685, 19, '2025-09-08', '20:26', 3),
(685, 33, '2025-09-08', '20:26', 1),
(686, 116, '2025-09-28', '18:53', 2),
(686, 117, '2025-09-28', '18:53', 4),
(687, 63, '2025-09-22', '16:12', 1),
(688, 53, '2025-09-11', '16:54', 3),
(689, 72, '2025-08-04', '09:26', 1),
(690, 47, '2025-08-21', '21:04', 3),
(690, 60, '2025-08-21', '21:04', 4),
(690, 104, '2025-08-21', '21:04', 4),
(690, 109, '2025-08-21', '21:04', 1),
(691, 64, '2025-07-03', '20:57', 3),
(691, 78, '2025-07-03', '20:57', 3),
(691, 82, '2025-07-03', '20:57', 2),
(691, 86, '2025-07-03', '20:57', 3),
(691, 110, '2025-07-03', '20:57', 4),
(692, 10, '2025-07-16', '14:53', 1),
(692, 46, '2025-07-16', '14:53', 3),
(692, 58, '2025-07-16', '14:53', 3),
(692, 123, '2025-07-16', '14:53', 3),
(693, 48, '2025-08-02', '14:49', 3),
(693, 98, '2025-08-02', '14:49', 3),
(694, 67, '2025-09-15', '22:58', 3),
(694, 73, '2025-09-15', '22:58', 1),
(694, 98, '2025-09-15', '22:58', 4),
(694, 103, '2025-09-15', '22:58', 3),
(694, 114, '2025-09-15', '22:58', 3),
(695, 106, '2025-09-11', '14:50', 1),
(696, 124, '2025-07-10', '15:55', 1),
(697, 13, '2025-07-06', '15:44', 1),
(697, 23, '2025-07-06', '15:44', 1),
(697, 52, '2025-07-06', '15:44', 2),
(697, 100, '2025-07-06', '15:44', 4),
(698, 24, '2025-09-24', '09:05', 3),
(699, 43, '2025-08-25', '13:17', 1),
(699, 84, '2025-08-25', '13:17', 3),
(699, 94, '2025-08-25', '13:17', 3),
(699, 128, '2025-08-25', '13:17', 3),
(699, 131, '2025-08-25', '13:17', 1),
(700, 23, '2025-07-02', '16:27', 2),
(700, 74, '2025-07-02', '16:27', 4),
(701, 35, '2025-08-20', '17:03', 4),
(701, 43, '2025-08-20', '17:03', 1),
(701, 104, '2025-08-20', '17:03', 2),
(701, 108, '2025-08-20', '17:03', 3),
(702, 76, '2025-08-10', '16:20', 4),
(702, 86, '2025-08-10', '16:20', 3),
(702, 102, '2025-08-10', '16:20', 1),
(703, 66, '2025-07-11', '20:32', 2),
(703, 79, '2025-07-11', '20:32', 3),
(703, 96, '2025-07-11', '20:32', 4),
(703, 100, '2025-07-11', '20:32', 4),
(704, 60, '2025-07-16', '12:48', 2),
(704, 124, '2025-07-16', '12:48', 4),
(705, 5, '2025-08-10', '22:13', 4),
(706, 57, '2025-07-28', '20:49', 3),
(707, 11, '2025-07-27', '21:56', 1),
(707, 52, '2025-07-27', '21:56', 2),
(707, 79, '2025-07-27', '21:56', 4),
(707, 91, '2025-07-27', '21:56', 2),
(708, 22, '2025-07-28', '14:41', 1),
(708, 69, '2025-07-28', '14:41', 2),
(708, 96, '2025-07-28', '14:41', 3),
(708, 111, '2025-07-28', '14:41', 1),
(708, 121, '2025-07-28', '14:41', 4),
(709, 36, '2025-08-29', '15:21', 3),
(709, 62, '2025-08-29', '15:21', 3),
(709, 82, '2025-08-29', '15:21', 1),
(709, 87, '2025-08-29', '15:21', 2),
(710, 3, '2025-09-30', '08:23', 1),
(710, 129, '2025-09-30', '08:23', 2),
(711, 117, '2025-09-27', '21:34', 2),
(712, 13, '2025-08-20', '11:24', 1),
(712, 54, '2025-08-20', '11:24', 4),
(712, 75, '2025-08-20', '11:24', 2),
(712, 128, '2025-08-20', '11:24', 3),
(713, 68, '2025-09-28', '12:29', 2),
(713, 77, '2025-09-28', '12:29', 4),
(713, 84, '2025-09-28', '12:29', 3),
(713, 109, '2025-09-28', '12:29', 3),
(714, 35, '2025-07-02', '19:23', 4),
(714, 62, '2025-07-02', '19:23', 4),
(714, 86, '2025-07-02', '19:23', 4),
(715, 125, '2025-09-18', '12:03', 2),
(716, 84, '2025-07-13', '09:38', 1),
(716, 111, '2025-07-13', '09:38', 1),
(717, 5, '2025-09-22', '10:54', 2),
(717, 8, '2025-09-22', '10:54', 3),
(717, 45, '2025-09-22', '10:54', 3),
(717, 89, '2025-09-22', '10:54', 3),
(718, 41, '2025-09-28', '10:20', 4),
(718, 54, '2025-09-28', '10:20', 2),
(719, 48, '2025-08-12', '18:19', 3),
(719, 52, '2025-08-12', '18:19', 3),
(719, 53, '2025-08-12', '18:19', 2),
(719, 81, '2025-08-12', '18:19', 4),
(720, 46, '2025-08-07', '14:25', 1),
(720, 82, '2025-08-07', '14:25', 3),
(720, 84, '2025-08-07', '14:25', 2),
(720, 99, '2025-08-07', '14:25', 2),
(721, 32, '2025-07-10', '19:00', 4),
(721, 37, '2025-07-10', '19:00', 4),
(722, 9, '2025-07-27', '22:58', 3),
(722, 64, '2025-07-27', '22:58', 2),
(722, 99, '2025-07-27', '22:58', 1),
(722, 103, '2025-07-27', '22:58', 4),
(723, 72, '2025-09-08', '16:26', 1),
(723, 131, '2025-09-08', '16:26', 4),
(724, 79, '2025-09-17', '20:47', 4),
(724, 92, '2025-09-17', '20:47', 3),
(725, 69, '2025-08-28', '19:50', 4),
(725, 101, '2025-08-28', '19:50', 2),
(725, 102, '2025-08-28', '19:50', 4),
(725, 109, '2025-08-28', '19:50', 2),
(726, 2, '2025-07-02', '23:44', 3),
(726, 18, '2025-07-02', '23:44', 4),
(726, 58, '2025-07-02', '23:44', 3),
(726, 61, '2025-07-02', '23:44', 4),
(726, 90, '2025-07-02', '23:44', 3),
(727, 51, '2025-08-11', '14:37', 3),
(727, 70, '2025-08-11', '14:37', 2),
(727, 117, '2025-08-11', '14:37', 2),
(728, 7, '2025-07-05', '20:08', 1),
(729, 74, '2025-08-27', '11:12', 3),
(729, 85, '2025-08-27', '11:12', 2),
(729, 90, '2025-08-27', '11:12', 3),
(730, 40, '2025-07-29', '23:06', 4),
(730, 101, '2025-07-29', '23:06', 2),
(731, 27, '2025-09-14', '14:34', 1),
(731, 59, '2025-09-14', '14:34', 1),
(731, 82, '2025-09-14', '14:34', 4),
(731, 84, '2025-09-14', '14:34', 4),
(731, 117, '2025-09-14', '14:34', 1),
(732, 103, '2025-09-05', '09:14', 1),
(733, 16, '2025-07-01', '19:43', 4),
(733, 52, '2025-07-01', '19:43', 4),
(734, 84, '2025-07-11', '09:38', 4),
(734, 128, '2025-07-11', '09:38', 3),
(735, 32, '2025-09-17', '11:47', 3),
(736, 32, '2025-08-25', '10:41', 1),
(736, 63, '2025-08-25', '10:41', 2),
(736, 71, '2025-08-25', '10:41', 4),
(736, 89, '2025-08-25', '10:41', 2),
(737, 14, '2025-07-04', '11:28', 3),
(737, 41, '2025-07-04', '11:28', 2),
(737, 70, '2025-07-04', '11:28', 2),
(737, 86, '2025-07-04', '11:28', 2),
(737, 115, '2025-07-04', '11:28', 2),
(738, 51, '2025-07-20', '10:06', 2),
(739, 7, '2025-08-27', '08:12', 2),
(739, 73, '2025-08-27', '08:12', 4),
(739, 95, '2025-08-27', '08:12', 2),
(739, 105, '2025-08-27', '08:12', 3),
(740, 11, '2025-09-22', '15:13', 3),
(740, 41, '2025-09-22', '15:13', 3),
(740, 87, '2025-09-22', '15:13', 1),
(741, 10, '2025-08-03', '14:07', 1),
(741, 43, '2025-08-03', '14:07', 1),
(741, 71, '2025-08-03', '14:07', 1),
(741, 78, '2025-08-03', '14:07', 3),
(741, 126, '2025-08-03', '14:07', 1),
(742, 8, '2025-08-18', '20:52', 4),
(742, 39, '2025-08-18', '20:52', 2),
(742, 40, '2025-08-18', '20:52', 2),
(742, 117, '2025-08-18', '20:52', 3),
(743, 26, '2025-09-12', '21:33', 2),
(743, 38, '2025-09-12', '21:33', 4),
(743, 68, '2025-09-12', '21:33', 4),
(744, 37, '2025-07-04', '10:57', 2),
(744, 63, '2025-07-04', '10:57', 3),
(744, 81, '2025-07-04', '10:57', 1),
(745, 19, '2025-07-17', '23:21', 3),
(745, 61, '2025-07-17', '23:21', 3),
(745, 113, '2025-07-17', '23:21', 1),
(746, 67, '2025-09-08', '11:14', 4),
(746, 75, '2025-09-08', '11:14', 1),
(746, 102, '2025-09-08', '11:14', 4),
(746, 115, '2025-09-08', '11:14', 1),
(746, 120, '2025-09-08', '11:14', 1),
(747, 127, '2025-08-29', '13:45', 4),
(748, 52, '2025-07-12', '12:51', 2),
(748, 84, '2025-07-12', '12:51', 4),
(748, 96, '2025-07-12', '12:51', 2),
(749, 57, '2025-08-02', '13:20', 3),
(749, 73, '2025-08-02', '13:20', 4),
(749, 77, '2025-08-02', '13:20', 1),
(749, 84, '2025-08-02', '13:20', 3),
(750, 36, '2025-07-29', '11:50', 1),
(750, 43, '2025-07-29', '11:50', 1),
(751, 18, '2025-07-20', '21:09', 3),
(751, 64, '2025-07-20', '21:09', 4),
(751, 66, '2025-07-20', '21:09', 3),
(751, 113, '2025-07-20', '21:09', 1),
(752, 3, '2025-09-21', '12:14', 4),
(752, 50, '2025-09-21', '12:14', 4),
(752, 73, '2025-09-21', '12:14', 1),
(752, 105, '2025-09-21', '12:14', 3),
(752, 116, '2025-09-21', '12:14', 1),
(753, 93, '2025-08-18', '10:36', 1),
(754, 17, '2025-08-28', '08:39', 1),
(754, 41, '2025-08-28', '08:39', 3),
(754, 120, '2025-08-28', '08:39', 4),
(755, 88, '2025-09-22', '16:59', 1),
(756, 58, '2025-07-08', '13:07', 2),
(757, 18, '2025-07-09', '13:22', 3),
(757, 32, '2025-07-09', '13:22', 4),
(757, 39, '2025-07-09', '13:22', 2),
(757, 43, '2025-07-09', '13:22', 4),
(757, 120, '2025-07-09', '13:22', 2),
(758, 32, '2025-08-17', '15:55', 3),
(758, 105, '2025-08-17', '15:55', 4),
(758, 124, '2025-08-17', '15:55', 4),
(759, 49, '2025-07-22', '14:19', 1),
(759, 76, '2025-07-22', '14:19', 3),
(759, 117, '2025-07-22', '14:19', 4),
(760, 1, '2025-08-24', '21:20', 3),
(760, 36, '2025-08-24', '21:20', 3),
(760, 72, '2025-08-24', '21:20', 2),
(761, 56, '2025-08-12', '16:04', 4),
(761, 84, '2025-08-12', '16:04', 4),
(761, 85, '2025-08-12', '16:04', 2),
(761, 95, '2025-08-12', '16:04', 2),
(762, 105, '2025-09-09', '10:25', 3),
(762, 106, '2025-09-09', '10:25', 3),
(763, 58, '2025-07-10', '16:09', 3),
(764, 25, '2025-09-23', '18:26', 2),
(764, 130, '2025-09-23', '18:26', 1),
(765, 116, '2025-07-18', '22:19', 1),
(766, 81, '2025-08-02', '20:27', 2),
(766, 103, '2025-08-02', '20:27', 1),
(766, 111, '2025-08-02', '20:27', 3),
(767, 19, '2025-09-08', '11:05', 3),
(767, 108, '2025-09-08', '11:05', 3),
(768, 37, '2025-09-29', '20:48', 4),
(768, 41, '2025-09-29', '20:48', 3),
(768, 47, '2025-09-29', '20:48', 1),
(768, 67, '2025-09-29', '20:48', 1),
(768, 116, '2025-09-29', '20:48', 1),
(769, 28, '2025-08-03', '18:25', 2),
(769, 46, '2025-08-03', '18:25', 1),
(769, 88, '2025-08-03', '18:25', 4),
(769, 107, '2025-08-03', '18:25', 2),
(769, 129, '2025-08-03', '18:25', 3),
(770, 82, '2025-08-23', '08:44', 2),
(771, 24, '2025-07-07', '17:52', 4),
(771, 59, '2025-07-07', '17:52', 2),
(771, 102, '2025-07-07', '17:52', 2),
(771, 104, '2025-07-07', '17:52', 4),
(771, 113, '2025-07-07', '17:52', 2),
(772, 50, '2025-09-17', '14:37', 4),
(772, 75, '2025-09-17', '14:37', 3),
(772, 110, '2025-09-17', '14:37', 3),
(773, 52, '2025-07-12', '13:02', 1),
(773, 61, '2025-07-12', '13:02', 2),
(773, 80, '2025-07-12', '13:02', 1),
(774, 20, '2025-07-03', '19:19', 3),
(774, 44, '2025-07-03', '19:19', 2),
(774, 48, '2025-07-03', '19:19', 4),
(774, 75, '2025-07-03', '19:19', 3),
(774, 107, '2025-07-03', '19:19', 2),
(775, 117, '2025-08-14', '10:48', 4),
(776, 11, '2025-07-23', '11:26', 4),
(776, 35, '2025-07-23', '11:26', 2),
(776, 64, '2025-07-23', '11:26', 1),
(776, 119, '2025-07-23', '11:26', 2),
(777, 47, '2025-09-28', '19:59', 2),
(777, 53, '2025-09-28', '19:59', 2),
(777, 73, '2025-09-28', '19:59', 4),
(777, 100, '2025-09-28', '19:59', 2),
(777, 102, '2025-09-28', '19:59', 4),
(778, 9, '2025-09-22', '15:25', 2),
(778, 57, '2025-09-22', '15:25', 1),
(778, 74, '2025-09-22', '15:25', 3),
(779, 123, '2025-09-05', '22:43', 3),
(780, 31, '2025-07-13', '10:23', 1),
(780, 38, '2025-07-13', '10:23', 1),
(780, 115, '2025-07-13', '10:23', 3),
(781, 4, '2025-07-21', '21:30', 1),
(781, 25, '2025-07-21', '21:30', 2),
(781, 34, '2025-07-21', '21:30', 1),
(781, 70, '2025-07-21', '21:30', 1),
(781, 112, '2025-07-21', '21:30', 1),
(782, 5, '2025-07-15', '08:16', 3),
(782, 26, '2025-07-15', '08:16', 3),
(782, 90, '2025-07-15', '08:16', 2),
(782, 100, '2025-07-15', '08:16', 2),
(783, 29, '2025-09-13', '20:20', 1),
(783, 32, '2025-09-13', '20:20', 4),
(783, 54, '2025-09-13', '20:20', 3),
(783, 68, '2025-09-13', '20:20', 3),
(784, 30, '2025-08-24', '12:33', 1),
(784, 66, '2025-08-24', '12:33', 2),
(785, 26, '2025-09-25', '19:53', 1),
(785, 59, '2025-09-25', '19:53', 1),
(785, 90, '2025-09-25', '19:53', 1),
(786, 8, '2025-08-12', '19:50', 3),
(786, 9, '2025-08-12', '19:50', 3),
(786, 63, '2025-08-12', '19:50', 4),
(786, 92, '2025-08-12', '19:50', 2),
(786, 103, '2025-08-12', '19:50', 4),
(787, 22, '2025-07-23', '10:03', 3),
(787, 84, '2025-07-23', '10:03', 3),
(787, 109, '2025-07-23', '10:03', 4),
(787, 118, '2025-07-23', '10:03', 1),
(788, 54, '2025-09-03', '20:34', 1),
(788, 71, '2025-09-03', '20:34', 1),
(788, 81, '2025-09-03', '20:34', 3),
(788, 100, '2025-09-03', '20:34', 3),
(788, 120, '2025-09-03', '20:34', 3),
(789, 61, '2025-08-14', '19:09', 1),
(789, 81, '2025-08-14', '19:09', 4),
(789, 98, '2025-08-14', '19:09', 1),
(789, 105, '2025-08-14', '19:09', 2),
(789, 118, '2025-08-14', '19:09', 2),
(790, 8, '2025-09-17', '20:00', 4),
(790, 44, '2025-09-17', '20:00', 4),
(790, 111, '2025-09-17', '20:00', 3),
(790, 120, '2025-09-17', '20:00', 3),
(791, 20, '2025-08-28', '23:10', 1),
(791, 95, '2025-08-28', '23:10', 1),
(791, 118, '2025-08-28', '23:10', 3),
(792, 16, '2025-08-24', '12:01', 1),
(792, 61, '2025-08-24', '12:01', 3),
(793, 66, '2025-09-20', '11:41', 4),
(793, 96, '2025-09-20', '11:41', 1),
(793, 107, '2025-09-20', '11:41', 2),
(793, 112, '2025-09-20', '11:41', 3),
(794, 25, '2025-09-28', '15:40', 3),
(795, 53, '2025-08-26', '14:25', 2),
(795, 80, '2025-08-26', '14:25', 3),
(795, 84, '2025-08-26', '14:25', 2),
(795, 122, '2025-08-26', '14:25', 1),
(796, 61, '2025-08-28', '14:39', 2),
(797, 7, '2025-09-28', '22:42', 4),
(797, 21, '2025-09-28', '22:42', 1),
(797, 49, '2025-09-28', '22:42', 3),
(797, 56, '2025-09-28', '22:42', 2),
(797, 107, '2025-09-28', '22:42', 1),
(798, 51, '2025-09-22', '16:33', 3),
(798, 68, '2025-09-22', '16:33', 1),
(798, 97, '2025-09-22', '16:33', 4),
(798, 110, '2025-09-22', '16:33', 2),
(799, 63, '2025-07-02', '21:17', 4),
(799, 64, '2025-07-02', '21:17', 3),
(800, 92, '2025-08-12', '09:38', 4),
(801, 11, '2025-07-11', '20:59', 3),
(801, 21, '2025-07-11', '20:59', 2),
(801, 34, '2025-07-11', '20:59', 1),
(801, 95, '2025-07-11', '20:59', 4),
(801, 110, '2025-07-11', '20:59', 4),
(802, 14, '2025-09-21', '09:14', 3),
(802, 50, '2025-09-21', '09:14', 4),
(802, 68, '2025-09-21', '09:14', 4),
(802, 129, '2025-09-21', '09:14', 4),
(803, 114, '2025-08-22', '13:35', 4),
(804, 4, '2025-09-11', '11:51', 3),
(804, 8, '2025-09-11', '11:51', 4),
(804, 22, '2025-09-11', '11:51', 2),
(804, 42, '2025-09-11', '11:51', 4),
(804, 49, '2025-09-11', '11:51', 2),
(805, 66, '2025-08-16', '10:13', 4),
(805, 121, '2025-08-16', '10:13', 1),
(805, 122, '2025-08-16', '10:13', 1),
(806, 18, '2025-08-13', '11:22', 2),
(807, 68, '2025-08-23', '22:35', 2),
(807, 71, '2025-08-23', '22:35', 1),
(808, 86, '2025-08-20', '12:46', 2),
(809, 2, '2025-08-27', '19:16', 2),
(809, 40, '2025-08-27', '19:16', 2),
(809, 65, '2025-08-27', '19:16', 2),
(809, 97, '2025-08-27', '19:16', 4),
(809, 108, '2025-08-27', '19:16', 4),
(810, 82, '2025-08-09', '10:48', 3),
(810, 89, '2025-08-09', '10:48', 2),
(810, 95, '2025-08-09', '10:48', 2),
(811, 24, '2025-09-16', '20:51', 4),
(811, 40, '2025-09-16', '20:51', 1),
(811, 65, '2025-09-16', '20:51', 4),
(812, 12, '2025-08-25', '11:08', 1),
(812, 125, '2025-08-25', '11:08', 2),
(813, 77, '2025-09-28', '18:53', 1),
(813, 89, '2025-09-28', '18:53', 2),
(813, 96, '2025-09-28', '18:53', 4),
(813, 113, '2025-09-28', '18:53', 4),
(813, 116, '2025-09-28', '18:53', 1),
(814, 83, '2025-08-25', '12:56', 4),
(814, 123, '2025-08-25', '12:56', 3),
(815, 19, '2025-07-17', '11:13', 2),
(815, 104, '2025-07-17', '11:13', 1),
(816, 59, '2025-09-28', '18:27', 1),
(816, 93, '2025-09-28', '18:27', 2),
(817, 128, '2025-08-20', '23:04', 3),
(818, 74, '2025-08-04', '16:26', 1),
(818, 86, '2025-08-04', '16:26', 3),
(818, 88, '2025-08-04', '16:26', 1),
(818, 118, '2025-08-04', '16:26', 2),
(819, 21, '2025-09-05', '17:41', 1),
(820, 78, '2025-07-05', '20:22', 3),
(820, 80, '2025-07-05', '20:22', 1),
(821, 106, '2025-09-23', '21:54', 2),
(822, 107, '2025-08-30', '17:21', 3),
(823, 36, '2025-07-07', '21:55', 1),
(824, 129, '2025-07-08', '23:29', 2),
(825, 1, '2025-08-01', '10:57', 2),
(825, 14, '2025-08-01', '10:57', 2),
(825, 43, '2025-08-01', '10:57', 4),
(826, 23, '2025-09-03', '14:41', 2),
(826, 47, '2025-09-03', '14:41', 2),
(826, 60, '2025-09-03', '14:41', 1),
(826, 124, '2025-09-03', '14:41', 2),
(827, 28, '2025-07-31', '20:40', 1),
(827, 64, '2025-07-31', '20:40', 4),
(827, 81, '2025-07-31', '20:40', 1),
(827, 100, '2025-07-31', '20:40', 4),
(828, 109, '2025-07-21', '12:22', 4),
(829, 68, '2025-08-29', '23:35', 1),
(830, 28, '2025-07-21', '23:31', 3),
(830, 37, '2025-07-21', '23:31', 1),
(830, 58, '2025-07-21', '23:31', 2),
(830, 111, '2025-07-21', '23:31', 2),
(831, 74, '2025-07-22', '17:52', 3),
(831, 82, '2025-07-22', '17:52', 1),
(832, 59, '2025-07-01', '13:04', 4),
(832, 80, '2025-07-01', '13:04', 3),
(832, 82, '2025-07-01', '13:04', 2),
(832, 103, '2025-07-01', '13:04', 3),
(833, 19, '2025-08-27', '11:25', 1),
(833, 130, '2025-08-27', '11:25', 3),
(834, 63, '2025-08-30', '09:01', 3),
(835, 7, '2025-08-20', '21:56', 3),
(835, 13, '2025-08-20', '21:56', 4),
(835, 33, '2025-08-20', '21:56', 1),
(835, 92, '2025-08-20', '21:56', 1),
(835, 118, '2025-08-20', '21:56', 3),
(836, 41, '2025-09-14', '17:16', 4),
(836, 117, '2025-09-14', '17:16', 2),
(837, 6, '2025-07-23', '09:51', 4),
(837, 73, '2025-07-23', '09:51', 2),
(837, 93, '2025-07-23', '09:51', 3),
(837, 108, '2025-07-23', '09:51', 1),
(838, 4, '2025-07-30', '13:43', 4),
(838, 66, '2025-07-30', '13:43', 2),
(838, 104, '2025-07-30', '13:43', 1),
(838, 111, '2025-07-30', '13:43', 4),
(838, 115, '2025-07-30', '13:43', 1),
(839, 38, '2025-09-10', '15:24', 2),
(839, 74, '2025-09-10', '15:24', 1),
(839, 76, '2025-09-10', '15:24', 2),
(839, 96, '2025-09-10', '15:24', 2),
(840, 29, '2025-08-02', '21:58', 4),
(840, 75, '2025-08-02', '21:58', 2),
(840, 96, '2025-08-02', '21:58', 2),
(841, 29, '2025-08-24', '10:39', 2),
(841, 42, '2025-08-24', '10:39', 4),
(842, 53, '2025-08-11', '15:14', 2),
(843, 18, '2025-09-08', '13:54', 1),
(843, 34, '2025-09-08', '13:54', 2),
(843, 39, '2025-09-08', '13:54', 3),
(843, 51, '2025-09-08', '13:54', 1),
(843, 61, '2025-09-08', '13:54', 1),
(844, 117, '2025-07-06', '12:17', 2),
(844, 118, '2025-07-06', '12:17', 3),
(844, 122, '2025-07-06', '12:17', 3),
(845, 20, '2025-07-31', '19:51', 4),
(845, 53, '2025-07-31', '19:51', 3),
(846, 58, '2025-07-26', '14:51', 3),
(847, 16, '2025-08-21', '12:04', 3),
(847, 26, '2025-08-21', '12:04', 1),
(848, 50, '2025-09-07', '10:47', 2),
(849, 5, '2025-09-07', '08:25', 4),
(849, 53, '2025-09-07', '08:25', 2),
(849, 54, '2025-09-07', '08:25', 1),
(849, 90, '2025-09-07', '08:25', 3),
(849, 101, '2025-09-07', '08:25', 1),
(850, 41, '2025-08-29', '14:23', 3),
(850, 96, '2025-08-29', '14:23', 1),
(851, 27, '2025-07-25', '19:06', 2),
(852, 5, '2025-08-17', '20:26', 4),
(852, 9, '2025-08-17', '20:26', 1),
(852, 34, '2025-08-17', '20:26', 2),
(852, 115, '2025-08-17', '20:26', 1),
(853, 39, '2025-07-10', '14:55', 4),
(854, 59, '2025-07-15', '10:17', 4),
(854, 107, '2025-07-15', '10:17', 3),
(855, 27, '2025-07-26', '08:22', 4),
(855, 73, '2025-07-26', '08:22', 2),
(855, 97, '2025-07-26', '08:22', 3),
(856, 21, '2025-09-18', '12:58', 3),
(856, 96, '2025-09-18', '12:58', 3),
(857, 5, '2025-07-17', '19:35', 4),
(857, 27, '2025-07-17', '19:35', 3),
(857, 103, '2025-07-17', '19:35', 4),
(857, 104, '2025-07-17', '19:35', 3),
(857, 120, '2025-07-17', '19:35', 3),
(858, 71, '2025-09-05', '23:49', 2),
(859, 4, '2025-09-09', '13:09', 2),
(859, 8, '2025-09-09', '13:09', 1),
(859, 39, '2025-09-09', '13:09', 4),
(859, 81, '2025-09-09', '13:09', 3),
(860, 8, '2025-07-10', '23:30', 1),
(860, 21, '2025-07-10', '23:30', 1),
(860, 63, '2025-07-10', '23:30', 4),
(860, 96, '2025-07-10', '23:30', 2),
(860, 104, '2025-07-10', '23:30', 3),
(861, 23, '2025-09-10', '16:00', 4),
(862, 39, '2025-08-05', '20:59', 3),
(862, 53, '2025-08-05', '20:59', 1),
(862, 61, '2025-08-05', '20:59', 2),
(862, 123, '2025-08-05', '20:59', 4),
(862, 131, '2025-08-05', '20:59', 3),
(863, 7, '2025-07-14', '21:53', 4),
(863, 10, '2025-07-14', '21:53', 4),
(864, 58, '2025-09-14', '18:21', 1),
(864, 80, '2025-09-14', '18:21', 1),
(865, 20, '2025-08-18', '10:00', 2),
(866, 3, '2025-08-06', '20:34', 2),
(866, 13, '2025-08-06', '20:34', 4),
(866, 91, '2025-08-06', '20:34', 2),
(866, 124, '2025-08-06', '20:34', 2),
(867, 19, '2025-07-07', '12:51', 4),
(867, 65, '2025-07-07', '12:51', 3),
(867, 131, '2025-07-07', '12:51', 4),
(868, 108, '2025-07-27', '21:10', 1),
(869, 15, '2025-08-02', '23:55', 4),
(869, 52, '2025-08-02', '23:55', 2),
(869, 65, '2025-08-02', '23:55', 2),
(869, 110, '2025-08-02', '23:55', 1),
(869, 112, '2025-08-02', '23:55', 1),
(870, 14, '2025-08-07', '12:04', 3),
(870, 26, '2025-08-07', '12:04', 2),
(870, 43, '2025-08-07', '12:04', 4),
(870, 92, '2025-08-07', '12:04', 1),
(870, 120, '2025-08-07', '12:04', 3),
(871, 40, '2025-08-22', '19:08', 1),
(871, 45, '2025-08-22', '19:08', 1),
(871, 46, '2025-08-22', '19:08', 4),
(871, 94, '2025-08-22', '19:08', 2),
(872, 49, '2025-09-04', '11:05', 1),
(872, 132, '2025-09-04', '11:05', 3),
(873, 4, '2025-08-20', '19:56', 3),
(873, 42, '2025-08-20', '19:56', 2),
(873, 51, '2025-08-20', '19:56', 4),
(874, 5, '2025-07-06', '08:36', 2),
(874, 17, '2025-07-06', '08:36', 4),
(874, 20, '2025-07-06', '08:36', 3),
(874, 31, '2025-07-06', '08:36', 2),
(875, 66, '2025-09-07', '18:38', 3),
(875, 75, '2025-09-07', '18:38', 2),
(876, 49, '2025-09-25', '12:33', 3),
(877, 28, '2025-08-17', '23:44', 3),
(877, 104, '2025-08-17', '23:44', 2),
(878, 9, '2025-09-29', '21:19', 4),
(878, 79, '2025-09-29', '21:19', 1),
(878, 89, '2025-09-29', '21:19', 1),
(879, 116, '2025-07-20', '20:31', 1),
(879, 123, '2025-07-20', '20:31', 2),
(880, 48, '2025-08-10', '16:55', 3),
(880, 70, '2025-08-10', '16:55', 3),
(880, 76, '2025-08-10', '16:55', 4),
(881, 8, '2025-08-31', '22:18', 3),
(881, 66, '2025-08-31', '22:18', 2),
(881, 81, '2025-08-31', '22:18', 3),
(881, 130, '2025-08-31', '22:18', 2),
(882, 7, '2025-09-30', '23:48', 3),
(882, 10, '2025-09-30', '23:48', 1),
(882, 44, '2025-09-30', '23:48', 2),
(882, 99, '2025-09-30', '23:48', 4),
(883, 110, '2025-09-21', '15:14', 2),
(884, 63, '2025-08-16', '12:05', 4),
(884, 75, '2025-08-16', '12:05', 3),
(884, 78, '2025-08-16', '12:05', 4),
(884, 83, '2025-08-16', '12:05', 4),
(884, 119, '2025-08-16', '12:05', 4),
(885, 10, '2025-09-06', '08:22', 1),
(885, 41, '2025-09-06', '08:22', 4),
(885, 59, '2025-09-06', '08:22', 4),
(885, 82, '2025-09-06', '08:22', 1),
(886, 74, '2025-07-22', '16:46', 4),
(886, 76, '2025-07-22', '16:46', 3),
(887, 77, '2025-07-19', '08:54', 4),
(887, 87, '2025-07-19', '08:54', 2),
(888, 2, '2025-09-02', '08:15', 2),
(888, 50, '2025-09-02', '08:15', 1),
(888, 55, '2025-09-02', '08:15', 3),
(888, 65, '2025-09-02', '08:15', 1),
(888, 76, '2025-09-02', '08:15', 1),
(889, 81, '2025-07-09', '12:00', 1),
(889, 102, '2025-07-09', '12:00', 4),
(890, 8, '2025-08-25', '11:58', 4),
(890, 33, '2025-08-25', '11:58', 2),
(890, 69, '2025-08-25', '11:58', 2),
(890, 126, '2025-08-25', '11:58', 1),
(891, 59, '2025-09-25', '21:26', 4),
(891, 105, '2025-09-25', '21:26', 3),
(891, 108, '2025-09-25', '21:26', 1),
(892, 62, '2025-09-23', '08:30', 3),
(893, 48, '2025-09-04', '10:07', 3),
(893, 63, '2025-09-04', '10:07', 3),
(893, 97, '2025-09-04', '10:07', 4),
(893, 112, '2025-09-04', '10:07', 3),
(893, 118, '2025-09-04', '10:07', 1),
(894, 28, '2025-09-08', '16:53', 2),
(894, 72, '2025-09-08', '16:53', 3),
(895, 3, '2025-08-21', '16:49', 2),
(895, 28, '2025-08-21', '16:49', 2),
(895, 47, '2025-08-21', '16:49', 1),
(895, 78, '2025-08-21', '16:49', 4),
(895, 130, '2025-08-21', '16:49', 3),
(896, 30, '2025-09-13', '21:47', 3),
(896, 72, '2025-09-13', '21:47', 1),
(897, 33, '2025-09-23', '14:55', 2),
(897, 37, '2025-09-23', '14:55', 2),
(897, 74, '2025-09-23', '14:55', 4),
(897, 92, '2025-09-23', '14:55', 4),
(897, 102, '2025-09-23', '14:55', 2),
(898, 19, '2025-09-20', '11:55', 2),
(898, 55, '2025-09-20', '11:55', 3),
(898, 82, '2025-09-20', '11:55', 2),
(898, 86, '2025-09-20', '11:55', 2),
(899, 75, '2025-07-25', '12:00', 3),
(899, 81, '2025-07-25', '12:00', 2),
(899, 93, '2025-07-25', '12:00', 1),
(900, 2, '2025-08-16', '14:53', 3),
(900, 27, '2025-08-16', '14:53', 3),
(900, 33, '2025-08-16', '14:53', 2),
(900, 52, '2025-08-16', '14:53', 3),
(900, 112, '2025-08-16', '14:53', 4),
(901, 41, '2025-09-27', '23:26', 2),
(901, 67, '2025-09-27', '23:26', 3),
(901, 86, '2025-09-27', '23:26', 1),
(901, 88, '2025-09-27', '23:26', 4),
(901, 98, '2025-09-27', '23:26', 1),
(902, 51, '2025-08-25', '12:34', 2),
(902, 85, '2025-08-25', '12:34', 1),
(902, 92, '2025-08-25', '12:34', 1),
(902, 127, '2025-08-25', '12:34', 4),
(903, 27, '2025-07-16', '11:06', 2),
(903, 96, '2025-07-16', '11:06', 3),
(904, 57, '2025-09-20', '17:19', 1),
(904, 74, '2025-09-20', '17:19', 1),
(904, 122, '2025-09-20', '17:19', 4),
(905, 11, '2025-07-10', '17:19', 3),
(906, 13, '2025-09-10', '11:31', 3),
(906, 17, '2025-09-10', '11:31', 3),
(906, 46, '2025-09-10', '11:31', 3),
(906, 81, '2025-09-10', '11:31', 1),
(906, 129, '2025-09-10', '11:31', 4),
(907, 83, '2025-07-28', '10:51', 2),
(907, 84, '2025-07-28', '10:51', 4),
(907, 109, '2025-07-28', '10:51', 1),
(908, 55, '2025-08-30', '08:25', 3),
(908, 96, '2025-08-30', '08:25', 2),
(909, 14, '2025-07-29', '09:18', 1),
(909, 28, '2025-07-29', '09:18', 2),
(910, 4, '2025-09-17', '16:54', 3),
(910, 35, '2025-09-17', '16:54', 4),
(910, 57, '2025-09-17', '16:54', 4),
(910, 118, '2025-09-17', '16:54', 4),
(911, 15, '2025-09-30', '22:41', 2),
(911, 19, '2025-09-30', '22:41', 2),
(911, 76, '2025-09-30', '22:41', 3),
(911, 121, '2025-09-30', '22:41', 4),
(911, 127, '2025-09-30', '22:41', 1),
(912, 38, '2025-09-05', '20:08', 4),
(912, 59, '2025-09-05', '20:08', 3),
(913, 4, '2025-09-02', '12:24', 3),
(913, 63, '2025-09-02', '12:24', 3),
(913, 106, '2025-09-02', '12:24', 4),
(914, 24, '2025-08-02', '23:40', 4),
(915, 11, '2025-07-11', '13:25', 1),
(915, 95, '2025-07-11', '13:25', 2),
(916, 5, '2025-07-29', '10:33', 4),
(916, 34, '2025-07-29', '10:33', 1),
(916, 90, '2025-07-29', '10:33', 3),
(917, 70, '2025-08-19', '18:57', 3),
(918, 2, '2025-07-28', '22:34', 4),
(918, 42, '2025-07-28', '22:34', 2),
(918, 55, '2025-07-28', '22:34', 4),
(919, 56, '2025-08-29', '18:03', 1),
(919, 99, '2025-08-29', '18:03', 3),
(920, 61, '2025-07-25', '10:30', 2),
(920, 102, '2025-07-25', '10:30', 1),
(921, 34, '2025-07-24', '22:38', 3),
(921, 39, '2025-07-24', '22:38', 4),
(922, 90, '2025-07-03', '10:38', 4),
(922, 129, '2025-07-03', '10:38', 4),
(923, 59, '2025-09-14', '20:59', 2),
(923, 70, '2025-09-14', '20:59', 2),
(923, 84, '2025-09-14', '20:59', 4),
(923, 95, '2025-09-14', '20:59', 2),
(923, 117, '2025-09-14', '20:59', 3),
(924, 30, '2025-09-04', '12:56', 4),
(924, 39, '2025-09-04', '12:56', 3),
(924, 60, '2025-09-04', '12:56', 3),
(925, 67, '2025-09-30', '17:52', 4),
(925, 71, '2025-09-30', '17:52', 4),
(925, 76, '2025-09-30', '17:52', 2),
(925, 93, '2025-09-30', '17:52', 4),
(926, 9, '2025-08-27', '20:35', 4),
(926, 11, '2025-08-27', '20:35', 1),
(926, 34, '2025-08-27', '20:35', 1),
(927, 30, '2025-09-12', '20:16', 2),
(927, 90, '2025-09-12', '20:16', 2),
(927, 106, '2025-09-12', '20:16', 2),
(927, 119, '2025-09-12', '20:16', 1),
(928, 16, '2025-08-05', '18:22', 3),
(928, 54, '2025-08-05', '18:22', 4),
(928, 93, '2025-08-05', '18:22', 3),
(928, 111, '2025-08-05', '18:22', 3),
(929, 20, '2025-09-14', '21:39', 2),
(929, 47, '2025-09-14', '21:39', 1),
(929, 127, '2025-09-14', '21:39', 4),
(930, 62, '2025-07-13', '12:02', 2),
(930, 94, '2025-07-13', '12:02', 2),
(930, 118, '2025-07-13', '12:02', 4),
(930, 125, '2025-07-13', '12:02', 1),
(931, 3, '2025-08-16', '08:46', 2),
(931, 38, '2025-08-16', '08:46', 1),
(931, 46, '2025-08-16', '08:46', 2),
(932, 95, '2025-07-09', '12:22', 1),
(933, 86, '2025-08-08', '11:12', 4),
(933, 115, '2025-08-08', '11:12', 3),
(934, 17, '2025-08-19', '17:02', 2),
(934, 117, '2025-08-19', '17:02', 1),
(935, 103, '2025-09-22', '12:35', 3),
(936, 100, '2025-09-23', '09:55', 2),
(936, 103, '2025-09-23', '09:55', 3),
(936, 112, '2025-09-23', '09:55', 1),
(936, 118, '2025-09-23', '09:55', 2),
(936, 119, '2025-09-23', '09:55', 4),
(937, 20, '2025-08-04', '23:17', 4),
(937, 42, '2025-08-04', '23:17', 2),
(937, 88, '2025-08-04', '23:17', 3),
(938, 53, '2025-09-28', '22:20', 4),
(938, 59, '2025-09-28', '22:20', 3),
(938, 69, '2025-09-28', '22:20', 4),
(938, 79, '2025-09-28', '22:20', 4),
(938, 84, '2025-09-28', '22:20', 2),
(939, 16, '2025-08-13', '16:19', 1),
(939, 42, '2025-08-13', '16:19', 3),
(939, 104, '2025-08-13', '16:19', 1),
(940, 47, '2025-09-13', '10:31', 3),
(940, 61, '2025-09-13', '10:31', 1),
(940, 62, '2025-09-13', '10:31', 3),
(940, 76, '2025-09-13', '10:31', 3),
(940, 77, '2025-09-13', '10:31', 3),
(941, 131, '2025-08-31', '23:05', 2),
(942, 7, '2025-09-07', '22:01', 3),
(942, 22, '2025-09-07', '22:01', 2),
(942, 68, '2025-09-07', '22:01', 4),
(942, 72, '2025-09-07', '22:01', 4),
(942, 103, '2025-09-07', '22:01', 1),
(943, 4, '2025-07-24', '20:40', 4),
(943, 44, '2025-07-24', '20:40', 2),
(943, 100, '2025-07-24', '20:40', 3),
(944, 108, '2025-07-17', '10:03', 2),
(945, 31, '2025-09-25', '12:09', 1),
(945, 64, '2025-09-25', '12:09', 1),
(945, 93, '2025-09-25', '12:09', 2),
(945, 122, '2025-09-25', '12:09', 4),
(946, 64, '2025-07-06', '12:05', 2),
(946, 89, '2025-07-06', '12:05', 3),
(947, 99, '2025-08-20', '09:14', 2),
(948, 13, '2025-07-30', '23:49', 2),
(948, 21, '2025-07-30', '23:49', 4),
(948, 83, '2025-07-30', '23:49', 4),
(948, 92, '2025-07-30', '23:49', 3),
(948, 117, '2025-07-30', '23:49', 4),
(949, 66, '2025-08-09', '08:16', 1),
(949, 74, '2025-08-09', '08:16', 1),
(949, 76, '2025-08-09', '08:16', 3),
(949, 80, '2025-08-09', '08:16', 2),
(949, 88, '2025-08-09', '08:16', 2),
(950, 68, '2025-07-21', '20:08', 4),
(950, 90, '2025-07-21', '20:08', 4),
(950, 100, '2025-07-21', '20:08', 1),
(950, 114, '2025-07-21', '20:08', 4),
(951, 2, '2025-09-04', '22:47', 4),
(951, 99, '2025-09-04', '22:47', 3),
(952, 15, '2025-09-07', '21:14', 3),
(952, 19, '2025-09-07', '21:14', 4),
(952, 31, '2025-09-07', '21:14', 4),
(952, 59, '2025-09-07', '21:14', 3),
(952, 93, '2025-09-07', '21:14', 1),
(953, 53, '2025-09-06', '08:42', 3),
(953, 71, '2025-09-06', '08:42', 1),
(953, 82, '2025-09-06', '08:42', 3),
(953, 104, '2025-09-06', '08:42', 3),
(954, 18, '2025-09-07', '19:00', 1),
(954, 30, '2025-09-07', '19:00', 1),
(954, 37, '2025-09-07', '19:00', 1),
(954, 51, '2025-09-07', '19:00', 1);